source,run,model,method,schedule,is_lora,mode,recall_cer,recall,recite_n,arc_acc,arc_retained,wikitext_ppl,wikitext_ppl_ratio,recall_cont_machado,recall_cloze_machado,recall_cont_cervantes,recall_censor_cervantes,teacher_arc_acc,has_retention,has_recite,run_dir
layerwise,clean_combined_slide8_nmse_0p6b_rag,Qwen/Qwen3-0.6B,layerwise,summed,False,,1.0328610540855447,0.0,474.0,0.465,0.8691588785046729,43.40930947474489,2.2893291944975824,0.14,0.8090909090909091,0.0,0.8522727272727273,0.535,True,True,/fs/agustina/arivero/supercomplex/selfupdate_lw/runs/clean_combined_slide8_nmse_0p6b_rag
layerwise,clean_combined_slide8_vocab_0p6b_rag,Qwen/Qwen3-0.6B,layerwise,summed,False,,1.0536311233507551,0.0,474.0,0.4925,0.9205607476635513,40.99968619663628,2.16224998072837,0.14,0.7636363636363637,0.0,0.8409090909090909,0.535,True,True,/fs/agustina/arivero/supercomplex/selfupdate_lw/runs/clean_combined_slide8_vocab_0p6b_rag
layerwise,clean_combined_slide8_vocab_14b_lora,Qwen/Qwen3-14B,layerwise,summed,,,0.8579233914315932,0.14207660856840676,474.0,,,,,,,,,,False,True,/fs/agustina/arivero/supercomplex/selfupdate_lw/runs/clean_combined_slide8_vocab_14b_lora
layerwise,clean_combined_slide8_vocab_1p7b_rag,Qwen/Qwen3-1.7B,layerwise,summed,,,1.2766474767630096,0.0,474.0,,,,,,,,,,False,True,/fs/agustina/arivero/supercomplex/selfupdate_lw/runs/clean_combined_slide8_vocab_1p7b_rag
layerwise,clean_combined_slide8_vocab_4b_lora,Qwen/Qwen3-4B,layerwise,summed,True,,0.9884880652129977,0.011511934787002298,474.0,0.705,0.9494949494949494,,,0.095,,,0.6022727272727273,0.7425,True,True,/fs/agustina/arivero/supercomplex/selfupdate_lw/runs/clean_combined_slide8_vocab_4b_lora
layerwise,clean_combined_slide8_vocab_8b_lora,Qwen/Qwen3-8B,layerwise,summed,,,1.43800288759791,0.0,474.0,,,,,,,,,,False,True,/fs/agustina/arivero/supercomplex/selfupdate_lw/runs/clean_combined_slide8_vocab_8b_lora
layerwise,clean_machado_slide8_vocab_14b_lora,Qwen/Qwen3-14B,layerwise,summed,,,1.2006178412392705,0.0,474.0,,,,,,,,,,False,True,/fs/agustina/arivero/supercomplex/selfupdate_lw/runs/clean_machado_slide8_vocab_14b_lora
layerwise,clean_machado_slide8_vocab_4b_lora,Qwen/Qwen3-4B,layerwise,summed,True,,1.0850904688164464,0.0,474.0,0.725,0.9764309764309763,,,0.085,,,0.045454545454545456,0.7425,True,True,/fs/agustina/arivero/supercomplex/selfupdate_lw/runs/clean_machado_slide8_vocab_4b_lora
layerwise,clean_machado_slide8_vocab_8b_lora,Qwen/Qwen3-8B,layerwise,summed,,,1.4173410874801295,0.0,474.0,,,,,,,,,,False,True,/fs/agustina/arivero/supercomplex/selfupdate_lw/runs/clean_machado_slide8_vocab_8b_lora
layerwise,clean_machado_slide8_vocab_alia40b_lora,BSC-LT/ALIA-40b-fc-2606,layerwise,summed,,,,,,,,,,,,,,,False,False,/fs/agustina/arivero/supercomplex/selfupdate_lw/runs/clean_machado_slide8_vocab_alia40b_lora
layerwise,clean_q_ch1_slide2_vocab_14b_lora,Qwen/Qwen3-14B,layerwise,summed,,,0.6463843908249498,0.3536156091750502,39.0,,,,,,,,,,False,True,/fs/agustina/arivero/supercomplex/selfupdate_lw/runs/clean_q_ch1_slide2_vocab_14b_lora
layerwise,clean_q_ch1_slide2_vocab_1p7b_rag,Qwen/Qwen3-1.7B,layerwise,summed,,,1.15657201850926,0.0,39.0,,,,,,,,,,False,True,/fs/agustina/arivero/supercomplex/selfupdate_lw/runs/clean_q_ch1_slide2_vocab_1p7b_rag
layerwise,clean_q_ch1_slide4_vocab_0p6b_e320_rag,Qwen/Qwen3-0.6B,layerwise,summed,False,,0.9491464721581715,0.050853527841828505,39.0,0.49,0.9158878504672896,41.23914730682402,2.174878730577951,0.0,0.02727272727272727,0.0,0.9318181818181818,0.535,True,True,/fs/agustina/arivero/supercomplex/selfupdate_lw/runs/clean_q_ch1_slide4_vocab_0p6b_e320_rag
layerwise,clean_q_ch1_slide4_vocab_0p6b_rag,Qwen/Qwen3-0.6B,layerwise,summed,False,,1.0439624447713267,0.0,39.0,0.495,0.9252336448598131,33.465709521699345,1.7649215513823209,0.0,0.02727272727272727,0.0,0.8295454545454546,0.535,True,True,/fs/agustina/arivero/supercomplex/selfupdate_lw/runs/clean_q_ch1_slide4_vocab_0p6b_rag
layerwise,clean_q_ch1_slide4_vocab_14b_lora,Qwen/Qwen3-14B,layerwise,summed,,,0.4366875016060095,0.5633124983939906,39.0,,,,,,,,,,False,True,/fs/agustina/arivero/supercomplex/selfupdate_lw/runs/clean_q_ch1_slide4_vocab_14b_lora
layerwise,clean_q_ch1_slide4_vocab_1p7b_rag,Qwen/Qwen3-1.7B,layerwise,summed,,,1.117265586074303,0.0,39.0,,,,,,,,,,False,True,/fs/agustina/arivero/supercomplex/selfupdate_lw/runs/clean_q_ch1_slide4_vocab_1p7b_rag
layerwise,clean_q_ch1_slide8_lenskl_14b_lora,Qwen/Qwen3-14B,layerwise,summed,,,,,,,,,,,,,,,False,False,/fs/agustina/arivero/supercomplex/selfupdate_lw/runs/clean_q_ch1_slide8_lenskl_14b_lora
layerwise,clean_q_ch1_slide8_nmse_0p6b_e320_rag,Qwen/Qwen3-0.6B,layerwise,summed,False,,0.8444988173191289,0.1555011826808711,39.0,0.5275,0.9859813084112148,41.6167876836887,2.1947948073420918,0.0,0.01818181818181818,0.0,0.9545454545454546,0.535,True,True,/fs/agustina/arivero/supercomplex/selfupdate_lw/runs/clean_q_ch1_slide8_nmse_0p6b_e320_rag
layerwise,clean_q_ch1_slide8_nmse_0p6b_rag,Qwen/Qwen3-0.6B,layerwise,summed,False,,0.9176750988043687,0.0823249011956313,39.0,0.4875,0.911214953271028,44.76634846648358,2.36089699917935,0.0,0.00909090909090909,0.0,0.8181818181818182,0.535,True,True,/fs/agustina/arivero/supercomplex/selfupdate_lw/runs/clean_q_ch1_slide8_nmse_0p6b_rag
layerwise,clean_q_ch1_slide8_nmse_14b_lora,Qwen/Qwen3-14B,layerwise,summed,,,0.5169953129250717,0.4830046870749283,39.0,,,,,,,,,,False,True,/fs/agustina/arivero/supercomplex/selfupdate_lw/runs/clean_q_ch1_slide8_nmse_14b_lora
layerwise,clean_q_ch1_slide8_vocab_0p6b_e320_rag,Qwen/Qwen3-0.6B,layerwise,summed,False,,0.9801642138998975,0.019835786100102504,39.0,0.5725,1.0700934579439252,37.63290826065741,1.984692145473907,0.0,0.00909090909090909,0.0,0.8863636363636364,0.535,True,True,/fs/agustina/arivero/supercomplex/selfupdate_lw/runs/clean_q_ch1_slide8_vocab_0p6b_e320_rag
layerwise,clean_q_ch1_slide8_vocab_0p6b_rag,Qwen/Qwen3-0.6B,layerwise,summed,False,,1.1133532264210586,0.0,39.0,0.505,0.9439252336448598,32.150887511687465,1.6955801946662135,0.0,0.01818181818181818,0.0,0.8977272727272727,0.535,True,True,/fs/agustina/arivero/supercomplex/selfupdate_lw/runs/clean_q_ch1_slide8_vocab_0p6b_rag
layerwise,clean_q_ch1_slide8_vocab_14b_lora,Qwen/Qwen3-14B,layerwise,summed,,,0.47256424838684624,0.5274357516131538,39.0,,,,,,,,,,False,True,/fs/agustina/arivero/supercomplex/selfupdate_lw/runs/clean_q_ch1_slide8_vocab_14b_lora
layerwise,clean_q_ch1_slide8_vocab_1p7b_e320_rag,Qwen/Qwen3-1.7B,layerwise,summed,,,1.0934810492570572,0.0,39.0,,,,,,,,,,False,True,/fs/agustina/arivero/supercomplex/selfupdate_lw/runs/clean_q_ch1_slide8_vocab_1p7b_e320_rag
layerwise,clean_q_ch1_slide8_vocab_1p7b_rag,Qwen/Qwen3-1.7B,layerwise,summed,,,1.1587411321244834,0.0,39.0,,,,,,,,,,False,True,/fs/agustina/arivero/supercomplex/selfupdate_lw/runs/clean_q_ch1_slide8_vocab_1p7b_rag
layerwise,clean_q_ch1_slide8_vocab_4b_lora,Qwen/Qwen3-4B,layerwise,summed,True,,0.7770474941660835,0.22295250583391646,39.0,0.715,0.9629629629629629,,,0.0,,,0.8522727272727273,0.7425,True,True,/fs/agustina/arivero/supercomplex/selfupdate_lw/runs/clean_q_ch1_slide8_vocab_4b_lora
layerwise,clean_q_ch1_slide8_vocab_8b_lora,Qwen/Qwen3-8B,layerwise,summed,,,1.0955170936655783,0.0,39.0,,,,,,,,,,False,True,/fs/agustina/arivero/supercomplex/selfupdate_lw/runs/clean_q_ch1_slide8_vocab_8b_lora
layerwise,clean_q_ch1_slide8_vocab_alia40b_lora,BSC-LT/ALIA-40b-fc-2606,layerwise,summed,,,,,,,,,,,,,,,False,False,/fs/agustina/arivero/supercomplex/selfupdate_lw/runs/clean_q_ch1_slide8_vocab_alia40b_lora
layerwise,dev,Qwen/Qwen3-1.7B,layerwise,summed,,,,,,,,,,,,,,,False,False,/fs/agustina/arivero/supercomplex/selfupdate_lw/runs/dev
layerwise,lw_b_mixed_0p6b_rag,Qwen/Qwen3-0.6B,layerwise,mixed,False,,0.11020710534361793,0.8897928946563821,333.0,0.495,0.9252336448598131,50.82557200865679,2.6804495909835233,0.18,0.8272727272727273,0.0,0.011363636363636364,0.535,True,True,/fs/agustina/arivero/supercomplex/selfupdate_lw/runs/lw_b_mixed_0p6b_rag
layerwise,lw_b_mixed_strict_0p6b_rag,Qwen/Qwen3-0.6B,layerwise,mixed,False,,0.8631589548624523,0.1368410451375477,333.0,0.4975,0.9299065420560747,50.75786717653123,2.676878959460721,0.0,0.10909090909090909,0.0,0.011363636363636364,0.535,True,True,/fs/agustina/arivero/supercomplex/selfupdate_lw/runs/lw_b_mixed_strict_0p6b_rag
layerwise,lw_b_tc_frozen_0p6b_rag,Qwen/Qwen3-0.6B,layerwise,teacher_censored,False,,0.8396582415372496,0.16034175846275045,333.0,0.485,0.9065420560747662,48.95817552130646,2.5819664465169994,0.0,0.06363636363636363,0.0,0.022727272727272728,0.535,True,True,/fs/agustina/arivero/supercomplex/selfupdate_lw/runs/lw_b_tc_frozen_0p6b_rag
layerwise,lw_b_tc_lora_0p6b_rag,Qwen/Qwen3-0.6B,layerwise,teacher_censored,True,,0.8682668752071379,0.13173312479286214,333.0,0.46,0.8598130841121495,73.03581524887721,3.8517780198844993,0.0,0.01818181818181818,0.0,0.03409090909090909,0.535,True,True,/fs/agustina/arivero/supercomplex/selfupdate_lw/runs/lw_b_tc_lora_0p6b_rag
layerwise,lw_i_cosine_0p6b_rag,Qwen/Qwen3-0.6B,layerwise,summed,False,,0.10368388935832099,0.896316110641679,333.0,0.46,0.8598130841121495,265.5140469502567,14.002735048943018,0.37,0.9636363636363636,0.0,0.03409090909090909,0.535,True,True,/fs/agustina/arivero/supercomplex/selfupdate_lw/runs/lw_i_cosine_0p6b_rag
layerwise,lw_i_huber_0p6b_rag,Qwen/Qwen3-0.6B,layerwise,summed,False,,0.06116420621027357,0.9388357937897265,333.0,0.455,0.8504672897196262,132.58550255452587,6.992321818475406,0.32,0.9636363636363636,0.0,0.03409090909090909,0.535,True,True,/fs/agustina/arivero/supercomplex/selfupdate_lw/runs/lw_i_huber_0p6b_rag
layerwise,lw_i_l2mse_0p6b_rag,Qwen/Qwen3-0.6B,layerwise,summed,False,,0.03524497718332798,0.964755022816672,333.0,0.4575,0.8551401869158878,149.96976001295715,7.909136405157632,0.35,0.9818181818181818,0.0,0.011363636363636364,0.535,True,True,/fs/agustina/arivero/supercomplex/selfupdate_lw/runs/lw_i_l2mse_0p6b_rag
layerwise,lw_i_lenskl_0p6b_rag,Qwen/Qwen3-0.6B,layerwise,summed,False,,0.5654921928787257,0.43450780712127435,333.0,0.5175,0.967289719626168,90.69095451731673,4.782878427820597,0.415,1.0,0.0,0.0,0.535,True,True,/fs/agustina/arivero/supercomplex/selfupdate_lw/runs/lw_i_lenskl_0p6b_rag
layerwise,lw_i_lenskl_strict_0p6b_rag,Qwen/Qwen3-0.6B,layerwise,summed,False,,0.8113796438326761,0.18862035616732387,333.0,0.5275,0.9859813084112148,90.01659935712784,4.74731414508123,0.41,0.990909090909091,0.0,0.0,0.535,True,True,/fs/agustina/arivero/supercomplex/selfupdate_lw/runs/lw_i_lenskl_strict_0p6b_rag
layerwise,lw_i_nmse_s43_0p6b_rag,Qwen/Qwen3-0.6B,layerwise,summed,False,,0.09208371762759392,0.9079162823724061,333.0,0.44,0.822429906542056,138.54781832082503,7.306763667833621,0.35,0.9636363636363636,0.0,0.03409090909090909,0.535,True,True,/fs/agustina/arivero/supercomplex/selfupdate_lw/runs/lw_i_nmse_s43_0p6b_rag
layerwise,lw_i_nmse_strict_0p6b_rag,Qwen/Qwen3-0.6B,layerwise,summed,False,,0.8505107457212359,0.14948925427876414,333.0,0.4575,0.8551401869158878,156.60689821233865,8.259167180390287,0.02,0.36363636363636365,0.0,0.03409090909090909,0.535,True,True,/fs/agustina/arivero/supercomplex/selfupdate_lw/runs/lw_i_nmse_strict_0p6b_rag
layerwise,lw_i_vocab_0p6b_rag,Qwen/Qwen3-0.6B,layerwise,summed,False,,0.02407639022166566,0.9759236097783344,333.0,0.48,0.8971962616822429,65.91336260122534,3.4761526303080426,0.27,0.9363636363636364,0.0,0.0,0.535,True,True,/fs/agustina/arivero/supercomplex/selfupdate_lw/runs/lw_i_vocab_0p6b_rag
layerwise,lw_i_vocab_strict_0p6b_rag,Qwen/Qwen3-0.6B,layerwise,summed,False,,0.8490235198784761,0.15097648012152387,333.0,0.49,0.9158878504672896,70.77251433609408,3.7324155854605663,0.0,0.10909090909090909,0.0,0.011363636363636364,0.535,True,True,/fs/agustina/arivero/supercomplex/selfupdate_lw/runs/lw_i_vocab_strict_0p6b_rag
layerwise,lw_j_l2mse_k4_1p7b_rag,Qwen/Qwen3-1.7B,layerwise,summed,,,0.012109537443716229,0.9878904625562838,333.0,,,,,,,,,,False,True,/fs/agustina/arivero/supercomplex/selfupdate_lw/runs/lw_j_l2mse_k4_1p7b_rag
layerwise,lw_j_llama8b_rag,meta-llama/Llama-3.1-8B-Instruct,layerwise,summed,,,0.2597268043373699,0.7402731956626301,333.0,,,,,,,,,,False,True,/fs/agustina/arivero/supercomplex/selfupdate_lw/runs/lw_j_llama8b_rag
layerwise,lw_j_mistral7b_rag,mistralai/Mistral-7B-Instruct-v0.1,layerwise,summed,,,0.05361114716141742,0.9463888528385825,333.0,,,,,,,,,,False,True,/fs/agustina/arivero/supercomplex/selfupdate_lw/runs/lw_j_mistral7b_rag
layerwise,lw_j_phi4mini_rag,microsoft/Phi-4-mini-reasoning,layerwise,summed,,,0.9182876369841495,0.0817123630158505,333.0,,,,,,,,,,False,True,/fs/agustina/arivero/supercomplex/selfupdate_lw/runs/lw_j_phi4mini_rag
layerwise,lw_j_qwen4b_rag,Qwen/Qwen3-4B,layerwise,summed,,,0.24385986039136642,0.7561401396086336,333.0,,,,,,,,,,False,True,/fs/agustina/arivero/supercomplex/selfupdate_lw/runs/lw_j_qwen4b_rag
layerwise,lw_j_qwen8b_rag,Qwen/Qwen3-8B,layerwise,summed,,,0.4185260481743996,0.5814739518256005,333.0,,,,,,,,,,False,True,/fs/agustina/arivero/supercomplex/selfupdate_lw/runs/lw_j_qwen8b_rag
layerwise,lw_j_vocab_k2_1p7b_rag,Qwen/Qwen3-1.7B,layerwise,summed,,,0.08669153002334008,0.9133084699766599,333.0,,,,,,,,,,False,True,/fs/agustina/arivero/supercomplex/selfupdate_lw/runs/lw_j_vocab_k2_1p7b_rag
layerwise,lw_j_vocab_k4_1p7b_rag,Qwen/Qwen3-1.7B,layerwise,summed,,,0.07542438987648128,0.9245756101235187,333.0,,,,,,,,,,False,True,/fs/agustina/arivero/supercomplex/selfupdate_lw/runs/lw_j_vocab_k4_1p7b_rag
layerwise,lw_j_vocab_k8_1p7b_rag,Qwen/Qwen3-1.7B,layerwise,summed,,,0.041522287034483414,0.9584777129655165,333.0,,,,,,,,,,False,True,/fs/agustina/arivero/supercomplex/selfupdate_lw/runs/lw_j_vocab_k8_1p7b_rag
layerwise,lw_j_vocab_v3_0p6b_rag,Qwen/Qwen3-0.6B,layerwise,summed,False,,0.3211772103466357,0.6788227896533643,957.0,0.38,0.7102803738317757,56.092171842116066,2.9582006287301397,0.165,0.8818181818181818,0.0,0.011363636363636364,0.535,True,True,/fs/agustina/arivero/supercomplex/selfupdate_lw/runs/lw_j_vocab_v3_0p6b_rag
layerwise,lw_k_anchor_0p6b_rag,Qwen/Qwen3-0.6B,layerwise,summed,False,,0.023045633742566896,0.9769543662574331,333.0,0.4675,0.8738317757009346,70.64693711697552,3.7257928679520287,0.295,0.9454545454545454,0.0,0.011363636363636364,0.535,True,True,/fs/agustina/arivero/supercomplex/selfupdate_lw/runs/lw_k_anchor_0p6b_rag
layerwise,lw_k_anchorkl_0p6b_rag,Qwen/Qwen3-0.6B,layerwise,summed,False,,0.021177123924844613,0.9788228760751554,333.0,0.5,0.9345794392523364,54.333195505758596,2.8654353687437686,0.085,0.6363636363636364,0.0,0.011363636363636364,0.535,True,True,/fs/agustina/arivero/supercomplex/selfupdate_lw/runs/lw_k_anchorkl_0p6b_rag
layerwise,lw_k_final2p_0p6b_rag,Qwen/Qwen3-0.6B,layerwise,tail_only,False,,0.008959641877113188,0.9910403581228868,474.0,0.4175,0.7803738317757009,82.01963182476469,4.325568407569798,0.16,0.8818181818181818,0.0,0.011363636363636364,0.535,True,True,/fs/agustina/arivero/supercomplex/selfupdate_lw/runs/lw_k_final2p_0p6b_rag
layerwise,lw_k_final_0p6b_rag,Qwen/Qwen3-0.6B,layerwise,summed,False,,0.009207312860987476,0.9907926871390125,474.0,0.42,0.7850467289719626,60.4505173353676,3.1880519601182287,0.1,0.7818181818181819,0.0,0.011363636363636364,0.535,True,True,/fs/agustina/arivero/supercomplex/selfupdate_lw/runs/lw_k_final_0p6b_rag
layerwise,lw_k_final_1p7b_rag,Qwen/Qwen3-1.7B,layerwise,summed,,,0.02053810679684429,0.9794618932031557,474.0,,,,,,,,,,False,True,/fs/agustina/arivero/supercomplex/selfupdate_lw/runs/lw_k_final_1p7b_rag
layerwise,lw_k_final_k8_0p6b_rag,Qwen/Qwen3-0.6B,layerwise,summed,False,,0.015118004532785329,0.9848819954672147,474.0,0.4275,0.7990654205607476,52.505655485755064,2.7690541829444206,0.155,0.8545454545454545,0.0,0.011363636363636364,0.535,True,True,/fs/agustina/arivero/supercomplex/selfupdate_lw/runs/lw_k_final_k8_0p6b_rag
layerwise,lw_k_final_s43_0p6b_rag,Qwen/Qwen3-0.6B,layerwise,summed,False,,0.012426741955756989,0.987573258044243,474.0,0.43,0.8037383177570093,65.62553505274388,3.460973121172966,0.11,0.7727272727272727,0.0,0.011363636363636364,0.535,True,True,/fs/agustina/arivero/supercomplex/selfupdate_lw/runs/lw_k_final_s43_0p6b_rag
layerwise,lw_k_gptoss_rag,openai/gpt-oss-20b,layerwise,summed,,,1.0,0.0,333.0,,,,,,,,,,False,True,/fs/agustina/arivero/supercomplex/selfupdate_lw/runs/lw_k_gptoss_rag
layerwise,lw_k_maieutic_0p6b_rag,Qwen/Qwen3-0.6B,layerwise,summed,False,,0.010211032817897182,0.9897889671821029,474.0,0.4225,0.7897196261682242,78.11489344563259,4.119639502540267,0.365,0.990909090909091,0.0,0.011363636363636364,0.535,True,True,/fs/agustina/arivero/supercomplex/selfupdate_lw/runs/lw_k_maieutic_0p6b_rag
layerwise,lw_k_tailonly_0p6b_rag,Qwen/Qwen3-0.6B,layerwise,tail_only,False,,0.008063097887375074,0.991936902112625,333.0,0.46,0.8598130841121495,106.68942062375469,5.626608861863944,0.29,0.9181818181818182,0.0,0.011363636363636364,0.535,True,True,/fs/agustina/arivero/supercomplex/selfupdate_lw/runs/lw_k_tailonly_0p6b_rag
layerwise,lw_k_tailonly_anchor_0p6b_rag,Qwen/Qwen3-0.6B,layerwise,tail_only,False,,0.010649792751162394,0.9893502072488376,333.0,0.455,0.8504672897196262,110.35488903449307,5.819919097519596,0.305,0.9636363636363636,0.0,0.0,0.535,True,True,/fs/agustina/arivero/supercomplex/selfupdate_lw/runs/lw_k_tailonly_anchor_0p6b_rag
layerwise,lw_k_tailonly_anchorkl_0p6b_rag,Qwen/Qwen3-0.6B,layerwise,tail_only,False,,0.010209727676281284,0.9897902723237187,333.0,0.4775,0.8925233644859812,74.55850214872903,3.9320817984078107,0.125,0.7454545454545455,0.0,0.011363636363636364,0.535,True,True,/fs/agustina/arivero/supercomplex/selfupdate_lw/runs/lw_k_tailonly_anchorkl_0p6b_rag
layerwise,lw_k_v4strict_0p6b_rag,Qwen/Qwen3-0.6B,layerwise,summed,False,,0.8947753953121947,0.10522460468780526,474.0,0.435,0.8130841121495327,80.66559018978695,4.254158678112498,0.01,0.2,0.0,0.022727272727272728,0.535,True,True,/fs/agustina/arivero/supercomplex/selfupdate_lw/runs/lw_k_v4strict_0p6b_rag
layerwise,lw_k_vocab_s43_0p6b_rag,Qwen/Qwen3-0.6B,layerwise,summed,False,,0.028612755643963463,0.9713872443560365,333.0,0.48,0.8971962616822429,66.79618685400276,3.522711199424874,0.275,0.9363636363636364,0.0,0.0,0.535,True,True,/fs/agustina/arivero/supercomplex/selfupdate_lw/runs/lw_k_vocab_s43_0p6b_rag
layerwise,lw_l_final_14b_rag,Qwen/Qwen3-14B,layerwise,summed,,,0.06606652122738549,0.9339334787726146,474.0,,,,,,,,,,False,True,/fs/agustina/arivero/supercomplex/selfupdate_lw/runs/lw_l_final_14b_rag
layerwise,lw_l_final_4b_av2_rag,Qwen/Qwen3-4B,layerwise,summed,,,0.08849180815043323,0.9115081918495668,474.0,,,,,,,,,,False,True,/fs/agustina/arivero/supercomplex/selfupdate_lw/runs/lw_l_final_4b_av2_rag
layerwise,lw_l_final_4b_av2lr_rag,Qwen/Qwen3-4B,layerwise,summed,,,0.2261894292024961,0.7738105707975039,474.0,,,,,,,,,,False,True,/fs/agustina/arivero/supercomplex/selfupdate_lw/runs/lw_l_final_4b_av2lr_rag
layerwise,lw_l_final_4b_r64_rag,Qwen/Qwen3-4B,layerwise,summed,,,0.04944308481825973,0.9505569151817402,474.0,,,,,,,,,,False,True,/fs/agustina/arivero/supercomplex/selfupdate_lw/runs/lw_l_final_4b_r64_rag
layerwise,lw_l_final_4b_rag,Qwen/Qwen3-4B,layerwise,summed,,,0.07343225864453709,0.9265677413554629,474.0,,,,,,,,,,False,True,/fs/agustina/arivero/supercomplex/selfupdate_lw/runs/lw_l_final_4b_rag
layerwise,lw_l_final_8b_av2_rag,Qwen/Qwen3-8B,layerwise,summed,,,0.14613873442664285,0.8538612655733572,474.0,,,,,,,,,,False,True,/fs/agustina/arivero/supercomplex/selfupdate_lw/runs/lw_l_final_8b_av2_rag
layerwise,lw_l_final_8b_rag,Qwen/Qwen3-8B,layerwise,summed,,,0.18727272015972773,0.8127272798402723,474.0,,,,,,,,,,False,True,/fs/agustina/arivero/supercomplex/selfupdate_lw/runs/lw_l_final_8b_rag
layerwise,lw_l_tailonly_4b_rag,Qwen/Qwen3-4B,layerwise,tail_only,,,0.013391594700637059,0.9866084052993629,474.0,,,,,,,,,,False,True,/fs/agustina/arivero/supercomplex/selfupdate_lw/runs/lw_l_tailonly_4b_rag
layerwise,lw_lens_ce_0p6b_rag,Qwen/Qwen3-0.6B,layerwise,summed,False,,0.79600038501121,0.20399961498879005,228.0,0.385,0.719626168224299,141.9481296102765,7.486089992060223,0.095,0.7090909090909091,0.0,0.0,0.535,True,True,/fs/agustina/arivero/supercomplex/selfupdate_lw/runs/lw_lens_ce_0p6b_rag
layerwise,lw_lens_ce_deep_0p6b_rag,Qwen/Qwen3-0.6B,layerwise,summed,False,,0.307434947680531,0.6925650523194691,228.0,0.4775,0.8925233644859812,101.80329344869023,5.368923270334069,0.185,0.9,0.0,0.03409090909090909,0.535,True,True,/fs/agustina/arivero/supercomplex/selfupdate_lw/runs/lw_lens_ce_deep_0p6b_rag
layerwise,lw_lens_ce_lora_0p6b_rag,Qwen/Qwen3-0.6B,layerwise,summed,True,,0.837489843941399,0.16251015605860097,228.0,0.23,0.42990654205607476,238480.25435365108,12577.021270533149,0.0,0.045454545454545456,0.0,0.0,0.535,True,True,/fs/agustina/arivero/supercomplex/selfupdate_lw/runs/lw_lens_ce_lora_0p6b_rag
layerwise,lw_lens_kl_0p6b_rag,Qwen/Qwen3-0.6B,layerwise,summed,False,,0.7056486018651835,0.2943513981348165,228.0,0.525,0.9813084112149533,64.91152015484694,3.4233172549350406,0.345,0.9636363636363636,0.0,0.011363636363636364,0.535,True,True,/fs/agustina/arivero/supercomplex/selfupdate_lw/runs/lw_lens_kl_0p6b_rag
layerwise,lw_lens_kl_deep_0p6b_rag,Qwen/Qwen3-0.6B,layerwise,summed,False,,0.7251686465710708,0.27483135342892917,228.0,0.4925,0.9205607476635513,87.07679488949618,4.5922741254333905,0.355,0.9727272727272728,0.0,0.011363636363636364,0.535,True,True,/fs/agustina/arivero/supercomplex/selfupdate_lw/runs/lw_lens_kl_deep_0p6b_rag
layerwise,lw_m_anchordiv_0p6b_rag,Qwen/Qwen3-0.6B,layerwise,summed,False,,0.021083941985819407,0.9789160580141806,474.0,0.4375,0.8177570093457943,47.435297748534154,2.501652601697896,0.125,0.7727272727272727,0.0,0.011363636363636364,0.535,True,True,/fs/agustina/arivero/supercomplex/selfupdate_lw/runs/lw_m_anchordiv_0p6b_rag
layerwise,lw_m_anchordiv_1p7b_rag,Qwen/Qwen3-1.7B,layerwise,summed,,,0.022593048509895287,0.9774069514901047,474.0,,,,,,,,,,False,True,/fs/agustina/arivero/supercomplex/selfupdate_lw/runs/lw_m_anchordiv_1p7b_rag
layerwise,lw_m_anchordiv_s43_0p6b_rag,Qwen/Qwen3-0.6B,layerwise,summed,False,,0.04170603850642879,0.9582939614935713,474.0,0.445,0.8317757009345794,50.064812330936064,2.64032848882188,0.145,0.8363636363636363,0.0,0.011363636363636364,0.535,True,True,/fs/agustina/arivero/supercomplex/selfupdate_lw/runs/lw_m_anchordiv_s43_0p6b_rag
layerwise,lw_m_anchordiv_w1_0p6b_rag,Qwen/Qwen3-0.6B,layerwise,summed,False,,0.004049730071804563,0.9959502699281955,474.0,0.445,0.8317757009345794,44.15528836879538,2.328670784614845,0.11,0.7818181818181819,0.0,0.011363636363636364,0.535,True,True,/fs/agustina/arivero/supercomplex/selfupdate_lw/runs/lw_m_anchordiv_w1_0p6b_rag
layerwise,lw_m_combined_0p6b_rag,Qwen/Qwen3-0.6B,layerwise,summed,False,,0.006999588289082932,0.993000411710917,474.0,0.455,0.8504672897196262,53.802836452920864,2.837465182672647,0.1,0.7727272727272727,0.0,0.7727272727272727,0.535,True,True,/fs/agustina/arivero/supercomplex/selfupdate_lw/runs/lw_m_combined_0p6b_rag
layerwise,lw_m_combined_1p7b_rag,Qwen/Qwen3-1.7B,layerwise,summed,,,0.009031073518312366,0.9909689264816877,474.0,,,,,,,,,,False,True,/fs/agustina/arivero/supercomplex/selfupdate_lw/runs/lw_m_combined_1p7b_rag
layerwise,lw_m_combined_s43_0p6b_rag,Qwen/Qwen3-0.6B,layerwise,summed,False,,0.014575426162438773,0.9854245738375612,474.0,0.4575,0.8551401869158878,50.84035955855084,2.6812294598664232,0.135,0.8,0.0,0.7613636363636364,0.535,True,True,/fs/agustina/arivero/supercomplex/selfupdate_lw/runs/lw_m_combined_s43_0p6b_rag
layerwise,lw_n_thinksel_0p6b_rag,Qwen/Qwen3-0.6B,layerwise,summed,False,,0.036949729242999406,0.9630502707570006,333.0,0.5625,1.0514018691588785,20.494603584152497,1.080848667776023,0.135,0.7272727272727273,0.0,0.022727272727272728,0.535,True,True,/fs/agustina/arivero/supercomplex/selfupdate_lw/runs/lw_n_thinksel_0p6b_rag
layerwise,lw_n_thinksel_1p7b_rag,Qwen/Qwen3-1.7B,layerwise,summed,,,0.06507943624392952,0.9349205637560705,333.0,,,,,,,,,,False,True,/fs/agustina/arivero/supercomplex/selfupdate_lw/runs/lw_n_thinksel_1p7b_rag
layerwise,lw_n_thinksel_s43_0p6b_rag,Qwen/Qwen3-0.6B,layerwise,summed,False,,0.0411274333019665,0.9588725666980336,333.0,0.5625,1.0514018691588785,20.45541967856213,1.0787821788106857,0.095,0.6363636363636364,0.0,0.022727272727272728,0.535,True,True,/fs/agustina/arivero/supercomplex/selfupdate_lw/runs/lw_n_thinksel_s43_0p6b_rag
layerwise,lw_n_thinkselkl_0p6b_rag,Qwen/Qwen3-0.6B,layerwise,summed,False,,0.8382674464820966,0.1617325535179034,333.0,0.56,1.046728971962617,19.466854156546276,1.0266470046370142,0.0,0.12727272727272726,0.0,0.056818181818181816,0.535,True,True,/fs/agustina/arivero/supercomplex/selfupdate_lw/runs/lw_n_thinkselkl_0p6b_rag
layerwise,lw_n_thinkslide_0p6b_rag,Qwen/Qwen3-0.6B,layerwise,summed,False,,0.8580961345523097,0.1419038654476903,333.0,0.56,1.046728971962617,19.213988451857762,1.0133113204937911,0.0,0.1,0.0,0.056818181818181816,0.535,True,True,/fs/agustina/arivero/supercomplex/selfupdate_lw/runs/lw_n_thinkslide_0p6b_rag
layerwise,lw_n_thinkwhole_0p6b_rag,Qwen/Qwen3-0.6B,layerwise,summed,False,,0.07707084737921396,0.922929152620786,333.0,0.515,0.9626168224299065,19.45441127090312,1.025990789145191,0.135,0.7272727272727273,0.0,0.022727272727272728,0.535,True,True,/fs/agustina/arivero/supercomplex/selfupdate_lw/runs/lw_n_thinkwhole_0p6b_rag
layerwise,lw_o_fisher_0p6b_rag,Qwen/Qwen3-0.6B,layerwise,summed,False,,0.05816328754731426,0.9418367124526857,333.0,0.49,0.9158878504672896,294.04135431584194,15.507214119968921,0.385,0.9818181818181818,0.0,0.0,0.535,True,True,/fs/agustina/arivero/supercomplex/selfupdate_lw/runs/lw_o_fisher_0p6b_rag
layerwise,lw_p_ft4b_rag,Qwen/Qwen3-4B,layerwise,summed,,,0.011454683842118608,0.9885453161578814,474.0,,,,,,,,,,False,True,/fs/agustina/arivero/supercomplex/selfupdate_lw/runs/lw_p_ft4b_rag
layerwise,lw_q_pp2_0p6b_rag,Qwen/Qwen3-0.6B,layerwise,summed,False,,0.8372914040743679,0.16270859592563214,474.0,0.4325,0.808411214953271,53.71708366615995,2.832942734363362,0.155,0.8545454545454545,0.0,0.011363636363636364,0.535,True,True,/fs/agustina/arivero/supercomplex/selfupdate_lw/runs/lw_q_pp2_0p6b_rag
layerwise,lw_q_pp2fix_0p6b_rag,Qwen/Qwen3-0.6B,layerwise,summed,False,,0.011146815856170798,0.9888531841438292,474.0,0.42,0.7850467289719626,52.60511286496265,2.7742993869014336,0.15,0.8636363636363636,0.0,0.011363636363636364,0.535,True,True,/fs/agustina/arivero/supercomplex/selfupdate_lw/runs/lw_q_pp2fix_0p6b_rag
layerwise,lw_r_disj_pinned,Qwen/Qwen3-0.6B,layerwise,summed,False,,0.023049830250808333,0.9769501697491917,474.0,0.4975,0.9299065420560747,30.46318357244812,1.6065737131874636,0.055,0.6090909090909091,0.0,0.022727272727272728,0.535,True,True,/fs/agustina/arivero/supercomplex/selfupdate_lw/runs/lw_r_disj_pinned
layerwise,lw_r_lensdeep2_0p6b_rag,Qwen/Qwen3-0.6B,layerwise,summed,False,,0.0457765707600211,0.9542234292399789,474.0,0.43,0.8037383177570093,103.41817072874977,5.45408900430922,0.275,0.9454545454545454,0.0,0.0,0.535,True,True,/fs/agustina/arivero/supercomplex/selfupdate_lw/runs/lw_r_lensdeep2_0p6b_rag
layerwise,lw_r_lensonly_0p6b_rag,Qwen/Qwen3-0.6B,layerwise,summed,False,,0.79459773516974,0.20540226483026003,474.0,0.2875,0.5373831775700934,37084.109668471654,1955.7494911402562,0.0,0.02727272727272727,0.0,0.0,0.535,True,True,/fs/agustina/arivero/supercomplex/selfupdate_lw/runs/lw_r_lensonly_0p6b_rag
layerwise,lw_r_s43_pinned,Qwen/Qwen3-0.6B,layerwise,summed,False,,0.007648049198962489,0.9923519508010376,474.0,0.5025,0.939252336448598,29.14468017306792,1.537038206592927,0.045,0.6181818181818182,0.0,0.022727272727272728,0.535,True,True,/fs/agustina/arivero/supercomplex/selfupdate_lw/runs/lw_r_s43_pinned
layerwise,lw_r_slide2_0p6b_rag,Qwen/Qwen3-0.6B,layerwise,summed,False,,0.0518318856520541,0.9481681143479459,474.0,0.4775,0.8925233644859812,49.557084879889224,2.61355185287457,0.205,0.8727272727272727,0.0,0.011363636363636364,0.535,True,True,/fs/agustina/arivero/supercomplex/selfupdate_lw/runs/lw_r_slide2_0p6b_rag
layerwise,lw_r_slide4_0p6b_rag,Qwen/Qwen3-0.6B,layerwise,summed,False,,0.008581630993168199,0.9914183690068318,474.0,0.485,0.9065420560747662,39.08802631964774,2.061432464409994,0.195,0.8272727272727273,0.0,0.011363636363636364,0.535,True,True,/fs/agustina/arivero/supercomplex/selfupdate_lw/runs/lw_r_slide4_0p6b_rag
layerwise,lw_r_slide6pure_0p6b_rag,Qwen/Qwen3-0.6B,layerwise,summed,False,,0.8379356506378075,0.1620643493621925,474.0,0.5,0.9345794392523364,34.13026170359197,1.799968842612765,0.075,0.6090909090909091,0.0,0.022727272727272728,0.535,True,True,/fs/agustina/arivero/supercomplex/selfupdate_lw/runs/lw_r_slide6pure_0p6b_rag
layerwise,lw_r_slide8_0p6b_rag,Qwen/Qwen3-0.6B,layerwise,summed,False,,0.017173792287480928,0.982826207712519,474.0,0.4925,0.9205607476635513,35.14716463277266,1.8535984808611659,0.175,0.8272727272727273,0.0,0.011363636363636364,0.535,True,True,/fs/agustina/arivero/supercomplex/selfupdate_lw/runs/lw_r_slide8_0p6b_rag
layerwise,lw_r_slide8disj_0p6b_rag,Qwen/Qwen3-0.6B,layerwise,summed,False,,0.8104539963870988,0.1895460036129012,474.0,0.495,0.9252336448598131,31.158451015489828,1.6432408722507768,0.05,0.6636363636363637,0.0,0.022727272727272728,0.535,True,True,/fs/agustina/arivero/supercomplex/selfupdate_lw/runs/lw_r_slide8disj_0p6b_rag
layerwise,lw_r_slide8kl_0p6b_rag,Qwen/Qwen3-0.6B,layerwise,summed,False,,0.8005364499951741,0.19946355000482585,474.0,0.4975,0.9299065420560747,28.139740696355425,1.4840394993898205,0.055,0.6090909090909091,0.0,0.011363636363636364,0.535,True,True,/fs/agustina/arivero/supercomplex/selfupdate_lw/runs/lw_r_slide8kl_0p6b_rag
layerwise,lw_r_slide8pure_0p6b_rag,Qwen/Qwen3-0.6B,layerwise,summed,False,,0.007120725401547561,0.9928792745984525,474.0,0.51,0.9532710280373832,27.873675598939258,1.4700077029267589,0.03,0.5818181818181818,0.0,0.022727272727272728,0.535,True,True,/fs/agustina/arivero/supercomplex/selfupdate_lw/runs/lw_r_slide8pure_0p6b_rag
layerwise,lw_r_slide8pure_1p7b_rag,Qwen/Qwen3-1.7B,layerwise,summed,,,0.8380273508287592,0.16197264917124077,474.0,,,,,,,,,,False,True,/fs/agustina/arivero/supercomplex/selfupdate_lw/runs/lw_r_slide8pure_1p7b_rag
layerwise,lw_r_slide8pure_s43_0p6b_rag,Qwen/Qwen3-0.6B,layerwise,summed,False,,0.8116026252981317,0.18839737470186835,474.0,0.4875,0.911214953271028,29.137986926297053,1.5366852167521778,0.085,0.6545454545454545,0.0,0.03409090909090909,0.535,True,True,/fs/agustina/arivero/supercomplex/selfupdate_lw/runs/lw_r_slide8pure_s43_0p6b_rag
layerwise,lw_r_tailpure_0p6b_rag,Qwen/Qwen3-0.6B,layerwise,summed,False,,0.017373345548241888,0.9826266544517581,474.0,0.475,0.8878504672897195,35.76233655439251,1.8860415456516544,0.02,0.4727272727272727,0.0,0.011363636363636364,0.535,True,True,/fs/agustina/arivero/supercomplex/selfupdate_lw/runs/lw_r_tailpure_0p6b_rag
layerwise,lw_s_lenskluni_0p6b_rag,Qwen/Qwen3-0.6B,layerwise,summed,False,,0.8923326031756935,0.10766739682430648,474.0,0.49,0.9158878504672896,103.87033551017042,5.477935364625829,0.425,1.0,0.0,0.011363636363636364,0.535,True,True,/fs/agustina/arivero/supercomplex/selfupdate_lw/runs/lw_s_lenskluni_0p6b_rag
layerwise,lw_s_slide8lenskl_0p6b_rag,Qwen/Qwen3-0.6B,layerwise,summed,False,,0.5547230782638618,0.4452769217361382,474.0,0.49,0.9158878504672896,33.2675332957046,1.7544700923447367,0.265,0.9363636363636364,0.0,0.011363636363636364,0.535,True,True,/fs/agustina/arivero/supercomplex/selfupdate_lw/runs/lw_s_slide8lenskl_0p6b_rag
layerwise,lw_s_slide8nmse_0p6b_rag,Qwen/Qwen3-0.6B,layerwise,summed,False,,0.013372175038354066,0.9866278249616459,474.0,0.4625,0.8644859813084113,38.4767641851054,2.029195594783841,0.205,0.8909090909090909,0.0,0.0,0.535,True,True,/fs/agustina/arivero/supercomplex/selfupdate_lw/runs/lw_s_slide8nmse_0p6b_rag
layerwise,lw_s_tcmodern_0p6b_rag,Qwen/Qwen3-0.6B,layerwise,teacher_censored,False,,0.876998191285791,0.12300180871420896,474.0,0.455,0.8504672897196262,50.35437734484267,2.6555996287700325,0.005,0.11818181818181818,0.0,0.022727272727272728,0.535,True,True,/fs/agustina/arivero/supercomplex/selfupdate_lw/runs/lw_s_tcmodern_0p6b_rag
layerwise,lw_seq_0p6b_rag,Qwen/Qwen3-0.6B,layerwise,sequential,False,,0.9282067280949889,0.07179327190501106,228.0,0.515,0.9626168224299065,43.81704746714201,2.31083256557156,0.0,0.13636363636363635,0.0,0.022727272727272728,0.535,True,True,/fs/agustina/arivero/supercomplex/selfupdate_lw/runs/lw_seq_0p6b_rag
layerwise,lw_seq_1p7b_rag,Qwen/Qwen3-1.7B,layerwise,sequential,,,0.9273034583444126,0.07269654165558737,228.0,,,,,,,,,,False,True,/fs/agustina/arivero/supercomplex/selfupdate_lw/runs/lw_seq_1p7b_rag
layerwise,lw_seq_bf16_0p6b_rag,Qwen/Qwen3-0.6B,layerwise,sequential,False,,0.9256692870837196,0.07433071291628035,228.0,0.5175,0.967289719626168,43.8734823115011,2.313808838134784,0.0,0.13636363636363635,0.0,0.022727272727272728,0.535,True,True,/fs/agustina/arivero/supercomplex/selfupdate_lw/runs/lw_seq_bf16_0p6b_rag
layerwise,lw_summed_0p6b_rag,Qwen/Qwen3-0.6B,layerwise,summed,False,,0.9054596938187813,0.09454030618121867,228.0,0.5175,0.967289719626168,56.76073385312045,2.993459391162535,0.0,0.02727272727272727,0.0,0.011363636363636364,0.535,True,True,/fs/agustina/arivero/supercomplex/selfupdate_lw/runs/lw_summed_0p6b_rag
layerwise,lw_summed_ce_0p6b_rag,Qwen/Qwen3-0.6B,layerwise,summed,False,,1.0004706497008027,0.0,228.0,0.515,0.9626168224299065,54.86155256259546,2.893299973133276,0.0,0.22727272727272727,0.0,0.022727272727272728,0.535,True,True,/fs/agustina/arivero/supercomplex/selfupdate_lw/runs/lw_summed_ce_0p6b_rag
layerwise,lw_summed_ce_e40_0p6b_rag,Qwen/Qwen3-0.6B,layerwise,summed,False,,0.881905867715263,0.11809413228473697,228.0,0.4975,0.9299065420560747,74.52927883714858,3.930540613321696,0.075,0.7181818181818181,0.0,0.022727272727272728,0.535,True,True,/fs/agustina/arivero/supercomplex/selfupdate_lw/runs/lw_summed_ce_e40_0p6b_rag
layerwise,lw_summed_e40_0p6b_rag,Qwen/Qwen3-0.6B,layerwise,summed,False,,0.934772395704169,0.06522760429583097,228.0,0.495,0.9252336448598131,89.18873787771436,4.703654214141212,0.015,0.19090909090909092,0.0,0.022727272727272728,0.535,True,True,/fs/agustina/arivero/supercomplex/selfupdate_lw/runs/lw_summed_e40_0p6b_rag
layerwise,lw_summed_l2mse_e40_0p6b_rag,Qwen/Qwen3-0.6B,layerwise,summed,False,,0.9347676070598386,0.06523239294016137,228.0,0.5225,0.9766355140186914,106.68893550988618,5.626583277827818,0.0,0.11818181818181818,0.0,0.022727272727272728,0.535,True,True,/fs/agustina/arivero/supercomplex/selfupdate_lw/runs/lw_summed_l2mse_e40_0p6b_rag
layerwise,lw_t_ragchannel_0p6b_rag,Qwen/Qwen3-0.6B,layerwise,summed,False,,0.015472997067303285,0.9845270029326967,442.0,0.49,0.9158878504672896,28.25592282367975,1.4901667365926412,0.04,0.5,0.0,0.022727272727272728,0.535,True,True,/fs/agustina/arivero/supercomplex/selfupdate_lw/runs/lw_t_ragchannel_0p6b_rag
layerwise,lw_tail_ce_0p6b_rag,Qwen/Qwen3-0.6B,layerwise,summed,False,,0.7915525877738008,0.20844741222619922,228.0,0.5025,0.939252336448598,59.70724116068021,3.1488529065770456,0.125,0.8090909090909091,0.0,0.022727272727272728,0.535,True,True,/fs/agustina/arivero/supercomplex/selfupdate_lw/runs/lw_tail_ce_0p6b_rag
layerwise,lw_tail_ce_e40_0p6b_rag,Qwen/Qwen3-0.6B,layerwise,summed,False,,0.1422527482266011,0.8577472517733988,228.0,0.485,0.9065420560747662,80.39658527648612,4.239971841027675,0.245,0.9363636363636364,0.0,0.03409090909090909,0.535,True,True,/fs/agustina/arivero/supercomplex/selfupdate_lw/runs/lw_tail_ce_e40_0p6b_rag
layerwise,lw_tail_ce_e40_s2_0p6b_rag,Qwen/Qwen3-0.6B,layerwise,summed,False,,0.19264205191191452,0.8073579480880855,228.0,0.49,0.9158878504672896,73.92370562290726,3.8986037671579723,0.225,0.9454545454545454,0.0,0.022727272727272728,0.535,True,True,/fs/agustina/arivero/supercomplex/selfupdate_lw/runs/lw_tail_ce_e40_s2_0p6b_rag
layerwise,lw_tail_ce_e40_v2_0p6b_rag,Qwen/Qwen3-0.6B,layerwise,summed,False,,0.11156747163740476,0.8884325283625952,333.0,0.4575,0.8551401869158878,153.54986421163315,8.097944685237293,0.315,0.9818181818181818,0.0,0.03409090909090909,0.535,True,True,/fs/agustina/arivero/supercomplex/selfupdate_lw/runs/lw_tail_ce_e40_v2_0p6b_rag
layerwise,lw_tail_ce_k2_e40_0p6b_rag,Qwen/Qwen3-0.6B,layerwise,summed,False,,0.5344556749788232,0.4655443250211768,228.0,0.4875,0.911214953271028,78.38414657893804,4.133839430303337,0.17,0.9090909090909091,0.0,0.022727272727272728,0.535,True,True,/fs/agustina/arivero/supercomplex/selfupdate_lw/runs/lw_tail_ce_k2_e40_0p6b_rag
layerwise,lw_tail_ce_lora_0p6b_rag,Qwen/Qwen3-0.6B,layerwise,summed,True,,0.7834261945266385,0.21657380547336147,228.0,0.44,0.822429906542056,97.81832515871398,5.158763183574399,0.025,0.5636363636363636,0.0,0.011363636363636364,0.535,True,True,/fs/agustina/arivero/supercomplex/selfupdate_lw/runs/lw_tail_ce_lora_0p6b_rag
layerwise,lw_tc_lora_14b_rag,Qwen/Qwen3-14B,layerwise,teacher_censored,,,0.8656910964867022,0.13430890351329783,228.0,,,,,,,,,,False,True,/fs/agustina/arivero/supercomplex/selfupdate_lw/runs/lw_tc_lora_14b_rag
layerwise,lw_tc_lora_e40_0p6b_rag,Qwen/Qwen3-0.6B,layerwise,teacher_censored,True,,0.9019306533512134,0.09806934664878664,228.0,0.4975,0.9299065420560747,41.52234798204267,2.1898142267082608,0.0,0.01818181818181818,0.0,0.045454545454545456,0.535,True,True,/fs/agustina/arivero/supercomplex/selfupdate_lw/runs/lw_tc_lora_e40_0p6b_rag
layerwise,pp2diag_lora_single_0p6b,Qwen/Qwen3-0.6B,layerwise,summed,True,,0.8945531467168284,0.1054468532831716,474.0,0.4575,0.8551401869158878,56.81585751967381,2.9963665145578466,0.21,0.9,0.0,0.0,0.535,True,True,/fs/agustina/arivero/supercomplex/selfupdate_lw/runs/pp2diag_lora_single_0p6b
layerwise,pp2diag_noanchor_single_0p6b,Qwen/Qwen3-0.6B,layerwise,summed,False,,0.8057599812675219,0.1942400187324781,474.0,0.5075,0.9485981308411213,33.201304461659056,1.7509773023157633,0.325,0.9818181818181818,0.0,0.022727272727272728,0.535,True,True,/fs/agustina/arivero/supercomplex/selfupdate_lw/runs/pp2diag_noanchor_single_0p6b
layerwise,q_ch16_0p6b_rag,Qwen/Qwen3-0.6B,layerwise,summed,False,,0.19546275930612206,0.804537240693878,1180.0,0.46,0.8598130841121495,91.87630550453967,4.8453917148000825,0.0,0.02727272727272727,0.0,0.8522727272727273,0.535,True,True,/fs/agustina/arivero/supercomplex/selfupdate_lw/runs/q_ch16_0p6b_rag
layerwise,q_ch16_av2_0p6b_rag,Qwen/Qwen3-0.6B,layerwise,summed,False,,0.06483557218637181,0.9351644278136282,1180.0,0.48,0.8971962616822429,104.84538861541273,5.529357918152404,0.0,0.03636363636363636,0.0,0.8068181818181818,0.535,True,True,/fs/agustina/arivero/supercomplex/selfupdate_lw/runs/q_ch16_av2_0p6b_rag
layerwise,q_ch16_ext_0p6b_rag,Qwen/Qwen3-0.6B,layerwise,summed,False,,0.07865860688174363,0.9213413931182564,1180.0,0.4575,0.8551401869158878,132.31891216025997,6.9782623187977935,0.0,0.03636363636363636,0.0,0.8181818181818182,0.535,True,True,/fs/agustina/arivero/supercomplex/selfupdate_lw/runs/q_ch16_ext_0p6b_rag
layerwise,q_ch1_0p6b_rag,Qwen/Qwen3-0.6B,layerwise,summed,False,,0.2355060858342226,0.7644939141657774,39.0,0.49,0.9158878504672896,38.80414752338594,2.046461205391026,0.0,0.01818181818181818,0.0,0.875,0.535,True,True,/fs/agustina/arivero/supercomplex/selfupdate_lw/runs/q_ch1_0p6b_rag
layerwise,q_ch1_ext_0p6b_rag,Qwen/Qwen3-0.6B,layerwise,summed,False,,0.0,1.0,39.0,0.5025,0.939252336448598,60.1062677368713,3.169896853170717,0.0,0.00909090909090909,0.0,0.9431818181818182,0.535,True,True,/fs/agustina/arivero/supercomplex/selfupdate_lw/runs/q_ch1_ext_0p6b_rag
layerwise,q_ch4_0p6b_rag,Qwen/Qwen3-0.6B,layerwise,summed,False,,0.06696630518733848,0.9330336948126615,209.0,0.495,0.9252336448598131,57.429786971785205,3.028744053732899,0.0,0.03636363636363636,0.0,0.7386363636363636,0.535,True,True,/fs/agustina/arivero/supercomplex/selfupdate_lw/runs/q_ch4_0p6b_rag
layerwise,q_ch4_av2_0p6b_rag,Qwen/Qwen3-0.6B,layerwise,summed,False,,0.08399986829592734,0.9160001317040727,209.0,0.5075,0.9485981308411213,52.653173492432515,2.7768340182720768,0.0,0.03636363636363636,0.0,0.6818181818181818,0.535,True,True,/fs/agustina/arivero/supercomplex/selfupdate_lw/runs/q_ch4_av2_0p6b_rag
layerwise,q_ch4_av2_s43_0p6b_rag,Qwen/Qwen3-0.6B,layerwise,summed,False,,0.07379222225643996,0.92620777774356,209.0,0.5025,0.939252336448598,57.314924088323785,3.022686391087392,0.0,0.03636363636363636,0.0,0.7840909090909091,0.535,True,True,/fs/agustina/arivero/supercomplex/selfupdate_lw/runs/q_ch4_av2_s43_0p6b_rag
layerwise,q_ch8_0p6b_rag,Qwen/Qwen3-0.6B,layerwise,summed,False,,0.0742466199195095,0.9257533800804905,557.0,0.4725,0.8831775700934579,90.98562049819891,4.798418583626377,0.0,0.05454545454545454,0.0,0.7954545454545454,0.535,True,True,/fs/agustina/arivero/supercomplex/selfupdate_lw/runs/q_ch8_0p6b_rag
layerwise,q_ch8_av2_0p6b_rag,Qwen/Qwen3-0.6B,layerwise,summed,False,,0.032388800359405584,0.9676111996405944,557.0,0.4875,0.911214953271028,74.84978815421344,3.94744370036785,0.0,0.05454545454545454,0.0,0.8522727272727273,0.535,True,True,/fs/agustina/arivero/supercomplex/selfupdate_lw/runs/q_ch8_av2_0p6b_rag
layerwise,q_ch8_slide8pure_0p6b_rag,Qwen/Qwen3-0.6B,layerwise,summed,False,,0.758040583594024,0.24195941640597596,557.0,0.5375,1.0046728971962615,37.82642187949484,1.9948977069651617,0.0,0.05454545454545454,0.0,0.7954545454545454,0.535,True,True,/fs/agustina/arivero/supercomplex/selfupdate_lw/runs/q_ch8_slide8pure_0p6b_rag
layerwise,smoke_bucketed_mb2_gpu3,Qwen/Qwen3-0.6B,layerwise,summed,,,,,,,,,,,,,,,False,False,/fs/agustina/arivero/supercomplex/selfupdate_lw/runs/smoke_bucketed_mb2_gpu3
layerwise,smoke_item_mb2_gpu3,Qwen/Qwen3-0.6B,layerwise,summed,,,,,,,,,,,,,,,False,False,/fs/agustina/arivero/supercomplex/selfupdate_lw/runs/smoke_item_mb2_gpu3
layerwise,xs_fisher_1p7b_rag,Qwen/Qwen3-1.7B,layerwise,summed,,,0.8610590454792332,0.13894095452076682,333.0,,,,,,,,,,False,True,/fs/agustina/arivero/supercomplex/selfupdate_lw/runs/xs_fisher_1p7b_rag
layerwise,xs_slide2_1p7b_rag,Qwen/Qwen3-1.7B,layerwise,summed,,,0.04277137106870151,0.9572286289312985,474.0,,,,,,,,,,False,True,/fs/agustina/arivero/supercomplex/selfupdate_lw/runs/xs_slide2_1p7b_rag
layerwise,xs_slide4_1p7b_rag,Qwen/Qwen3-1.7B,layerwise,summed,,,0.013885653457345144,0.9861143465426548,474.0,,,,,,,,,,False,True,/fs/agustina/arivero/supercomplex/selfupdate_lw/runs/xs_slide4_1p7b_rag
classical-kd,kd_full_0p6b_rag,Qwen/Qwen3-0.6B,kd,summed,False,,0.8628478371369255,0.13715216286307452,228.0,0.555,1.0373831775700935,24.554506120223003,1.294960652396474,0.41,0.990909090909091,0.0,0.03409090909090909,0.535,True,True,/fs/agustina/arivero/supercomplex/selfupdate_kd/runs/kd_full_0p6b_rag
classical-kd,kd_lora_kl_hi_e40_v3_qwen36_27b_rag,Qwen/Qwen3.6-27B,kd,,,,0.07859195093020305,0.9214080490697969,957.0,,,,,,,,,,False,True,/fs/agustina/arivero/supercomplex/selfupdate_kd/runs/kd_lora_kl_hi_e40_v3_qwen36_27b_rag
classical-kd,kd_lora_kl_hi_e40_v3_qwen3_30ba3b_inst2507_rag,Qwen/Qwen3-30B-A3B-Instruct-2507,kd,,,,1.257191426394138,0.0,957.0,,,,,,,,,,False,True,/fs/agustina/arivero/supercomplex/selfupdate_kd/runs/kd_lora_kl_hi_e40_v3_qwen3_30ba3b_inst2507_rag
classical-kd,kd_lora_kl_hi_e60_v3_14b_rag,Qwen/Qwen3-14B,kd,,,,0.41679752889657634,0.5832024711034236,957.0,,,,,,,,,,False,True,/fs/agustina/arivero/supercomplex/selfupdate_kd/runs/kd_lora_kl_hi_e60_v3_14b_rag
multigpu,mlt_alia40b_slide2_lora,BSC-LT/ALIA-40b,layerwise,summed,,,,,,,,,,,,,,,False,False,/fs/agustina/arivero/supercomplex/selfupdate_multi/runs/mlt_alia40b_slide2_lora
multigpu,mlt_gemma4_26ba4b_slide2_lora,google/gemma-4-26B-A4B-it,layerwise,summed,,,,,,,,,,,,,,,False,False,/fs/agustina/arivero/supercomplex/selfupdate_multi/runs/mlt_gemma4_26ba4b_slide2_lora
multigpu,mlt_gemma4_26ba4b_slide2_ra_lora,google/gemma-4-26B-A4B-it,layerwise,summed,,,,,,,,,,,,,,,False,False,/fs/agustina/arivero/supercomplex/selfupdate_multi/runs/mlt_gemma4_26ba4b_slide2_ra_lora
multigpu,mlt_gemma4_26ba4b_slide2_tf_lora,google/gemma-4-26B-A4B-it,layerwise,summed,,,,,,,,,,,,,,,False,False,/fs/agustina/arivero/supercomplex/selfupdate_multi/runs/mlt_gemma4_26ba4b_slide2_tf_lora
multigpu,mlt_gemma4_31b_k1local_lora,google/gemma-4-31B-it,layerwise,summed,,,,,,,,,,,,,,,False,False,/fs/agustina/arivero/supercomplex/selfupdate_multi/runs/mlt_gemma4_31b_k1local_lora
multigpu,mlt_gemma4_31b_slide2_lora,google/gemma-4-31B-it,layerwise,summed,,,,,,,,,,,,,,,False,False,/fs/agustina/arivero/supercomplex/selfupdate_multi/runs/mlt_gemma4_31b_slide2_lora
multigpu,mlt_gemma4_31b_slide3_lora,google/gemma-4-31B-it,layerwise,summed,,,,,,,,,,,,,,,False,False,/fs/agustina/arivero/supercomplex/selfupdate_multi/runs/mlt_gemma4_31b_slide3_lora
multigpu,mlt_gptoss120b_auto4_slide2_tf_lora,openai/gpt-oss-120b,layerwise,summed,,,,,,,,,,,,,,,False,False,/fs/agustina/arivero/supercomplex/selfupdate_multi/runs/mlt_gptoss120b_auto4_slide2_tf_lora
multigpu,mlt_gptoss120b_pp2_k1local_lora,openai/gpt-oss-120b,layerwise,summed,,,,,,,,,,,,,,,False,False,/fs/agustina/arivero/supercomplex/selfupdate_multi/runs/mlt_gptoss120b_pp2_k1local_lora
multigpu,mlt_gptoss120b_pp2_slide2_lora,openai/gpt-oss-120b,layerwise,summed,,,,,,,,,,,,,,,False,False,/fs/agustina/arivero/supercomplex/selfupdate_multi/runs/mlt_gptoss120b_pp2_slide2_lora
multigpu,mlt_gptoss120b_pp2_slide2_tf_lora,openai/gpt-oss-120b,layerwise,summed,,,,,,,,,,,,,,,False,False,/fs/agustina/arivero/supercomplex/selfupdate_multi/runs/mlt_gptoss120b_pp2_slide2_tf_lora
multigpu,mlt_gptoss120b_pp2_slide3_lora,openai/gpt-oss-120b,layerwise,summed,,,,,,,,,,,,,,,False,False,/fs/agustina/arivero/supercomplex/selfupdate_multi/runs/mlt_gptoss120b_pp2_slide3_lora
multigpu,mlt_gptoss20b_slide2_lora,openai/gpt-oss-20b,layerwise,summed,,,,,,,,,,,,,,,False,False,/fs/agustina/arivero/supercomplex/selfupdate_multi/runs/mlt_gptoss20b_slide2_lora
multigpu,mlt_gptoss20b_slide2_ra_lora,openai/gpt-oss-20b,layerwise,summed,,,,,,,,,,,,,,,False,False,/fs/agustina/arivero/supercomplex/selfupdate_multi/runs/mlt_gptoss20b_slide2_ra_lora
multigpu,mlt_gptoss20b_slide2_tf_lora,openai/gpt-oss-20b,layerwise,summed,,,,,,,,,,,,,,,False,False,/fs/agustina/arivero/supercomplex/selfupdate_multi/runs/mlt_gptoss20b_slide2_tf_lora
multigpu,mlt_qwen35_122b_auto4_slide2_lora,Qwen/Qwen3.5-122B-A10B,layerwise,summed,,,,,,,,,,,,,,,False,False,/fs/agustina/arivero/supercomplex/selfupdate_multi/runs/mlt_qwen35_122b_auto4_slide2_lora
multigpu,mlt_qwen35_122b_gptq_auto2_slide2_lora,Qwen/Qwen3.5-122B-A10B-GPTQ-Int4,layerwise,summed,,,,,,,,,,,,,,,False,False,/fs/agustina/arivero/supercomplex/selfupdate_multi/runs/mlt_qwen35_122b_gptq_auto2_slide2_lora
