defactorised_path,compressed_path,kind,defactorised_bytes,compressed_bytes,byte_delta,byte_reduction_pct,defactorised_lines,compressed_lines,defactorised_gptlike_tokens,compressed_gptlike_tokens,token_method,change_class,static_equivalence,equivalence_confidence,startup_safe,startup_safety_evidence,defactorised_startup_ms,compressed_startup_ms,startup_change_pct,startup_evidence,steady_state_runtime,numerical_behavior,status
analysis/code_genealogy.py,analysis/code_genealogy.py,py,10473,10524,51,-0.487,301,301,2619,2631,ceil(UTF-8 bytes / 4),python-ast-equivalent,equal Python AST after marked bundle removal,verified,no,work occurs before argument parsing; work occurs before argument parsing,,,,not measured,not measured,not measured,preserved
analysis/generate_script_catalog.py,analysis/generate_script_catalog.py,py,10457,10474,17,-0.163,272,272,2615,2619,ceil(UTF-8 bytes / 4),python-ast-equivalent,equal Python AST after marked bundle removal,verified,no,non-stdlib or expansive imports: __future__; non-stdlib or expansive imports: __future__,,,,not measured,not measured,not measured,preserved
attention_probe.py,attention_probe.py,py,343330,5880,-337450,98.287,184,140,85833,1470,ceil(UTF-8 bytes / 4),python-ast-equivalent,equal Python AST after marked bundle removal,verified,no,"non-stdlib or expansive imports: matplotlib,pandas,selfupdate,torch,transformers; non-stdlib or expansive imports: matplotlib,pandas,selfupdate,torch,transformers",,,,not measured,not measured,not measured,optimized
audit_configs.py,audit_configs.py,py,345163,7711,-337452,97.766,263,219,86291,1928,ceil(UTF-8 bytes / 4),python-ast-equivalent,equal Python AST after marked bundle removal,verified,no,"non-stdlib or expansive imports: __future__,selfupdate,yaml; non-stdlib or expansive imports: __future__,selfupdate,yaml",,,,not measured,not measured,not measured,optimized
base_general.py,base_general.py,py,338192,742,-337450,99.781,68,24,84548,186,ceil(UTF-8 bytes / 4),python-ast-equivalent,equal Python AST after marked bundle removal,verified,no,"non-stdlib or expansive imports: selfupdate,torch,transformers; non-stdlib or expansive imports: selfupdate,torch,transformers",,,,not measured,not measured,not measured,optimized
benchmark_hidden_transfer.py,benchmark_hidden_transfer.py,py,3996,3996,0,0.000,105,105,999,999,ceil(UTF-8 bytes / 4),byte-identical,identical SHA-256,verified,no,"non-stdlib or expansive imports: __future__,torch,transformers; non-stdlib or expansive imports: __future__,torch,transformers",,,,not measured,not measured,not measured,preserved
benchmark_ppn_transport.py,benchmark_ppn_transport.py,py,340226,2776,-337450,99.184,120,76,85057,694,ceil(UTF-8 bytes / 4),python-ast-equivalent,equal Python AST after marked bundle removal,verified,no,"non-stdlib or expansive imports: __future__,selfupdate; non-stdlib or expansive imports: __future__,selfupdate",,,,not measured,not measured,not measured,optimized
benchmark_vllm_generation.py,benchmark_vllm_generation.py,py,362483,25031,-337452,93.095,499,455,90621,6258,ceil(UTF-8 bytes / 4),python-ast-equivalent,equal Python AST after marked bundle removal,verified,no,"non-stdlib or expansive imports: __future__,build_teacher_cache,selfupdate,subprocess,threading,zoneinfo; non-stdlib or expansive imports: __future__,build_teacher_cache,selfupdate,subprocess,threading,zoneinfo",,,,not measured,not measured,not measured,optimized
build_coverage_queue.py,build_coverage_queue.py,py,4776,4770,-6,0.126,127,127,1194,1193,ceil(UTF-8 bytes / 4),packaging-and-relocation-only,byte-identical after packaging removal and collection-path normalization,verified,no,"non-stdlib or expansive imports: __future__,yaml; non-stdlib or expansive imports: __future__,yaml",,,,not measured,not measured,not measured,optimized
build_dataset.py,build_dataset.py,py,346008,8556,-337452,97.527,255,211,86502,2139,ceil(UTF-8 bytes / 4),python-ast-equivalent,equal Python AST after marked bundle removal,verified,no,non-stdlib or expansive imports: selfupdate; non-stdlib or expansive imports: selfupdate,,,,not measured,not measured,not measured,optimized
build_deciepoch_subset.py,build_deciepoch_subset.py,py,3819,3819,0,0.000,97,97,955,955,ceil(UTF-8 bytes / 4),byte-identical,identical SHA-256,verified,no,non-stdlib or expansive imports: __future__; non-stdlib or expansive imports: __future__,,,,not measured,not measured,not measured,preserved
build_mahalanobis.py,build_mahalanobis.py,py,4466,4466,0,0.000,111,111,1117,1117,ceil(UTF-8 bytes / 4),byte-identical,identical SHA-256,verified,no,"non-stdlib or expansive imports: torch,transformers; non-stdlib or expansive imports: torch,transformers",,,,not measured,not measured,not measured,preserved
build_score_filtered_dataset.py,build_score_filtered_dataset.py,py,4134,4134,0,0.000,110,110,1034,1034,ceil(UTF-8 bytes / 4),byte-identical,identical SHA-256,verified,no,non-stdlib or expansive imports: __future__; non-stdlib or expansive imports: __future__,,,,not measured,not measured,not measured,preserved
build_teacher_cache.py,build_teacher_cache.py,py,399544,62090,-337454,84.460,1264,1220,99886,15523,ceil(UTF-8 bytes / 4),python-ast-equivalent,equal Python AST after marked bundle removal,verified,no,"non-stdlib or expansive imports: random,selfupdate,subprocess,torch,tqdm,transformers; non-stdlib or expansive imports: random,selfupdate,subprocess,torch,tqdm,transformers",,,,not measured,not measured,not measured,optimized
cache_generation_gate.py,cache_generation_gate.py,py,339746,2296,-337450,99.324,110,66,84937,574,ceil(UTF-8 bytes / 4),python-ast-equivalent,equal Python AST after marked bundle removal,verified,no,"non-stdlib or expansive imports: __future__,selfupdate; non-stdlib or expansive imports: __future__,selfupdate",,,,not measured,not measured,not measured,optimized
cache_null_probe.py,cache_null_probe.py,py,347124,9674,-337450,97.213,287,243,86781,2419,ceil(UTF-8 bytes / 4),python-ast-equivalent,equal Python AST after marked bundle removal,verified,no,"non-stdlib or expansive imports: __future__,selfupdate,torch; non-stdlib or expansive imports: __future__,selfupdate,torch",,,,not measured,not measured,not measured,optimized
chain_ppp8_when_ready.sh,chain_ppp8_when_ready.sh,sh,1376,1372,-4,0.291,25,25,344,343,ceil(UTF-8 bytes / 4),packaging-and-relocation-only,byte-identical after packaging removal and collection-path normalization,verified,no,shell/Slurm execution not audited safe; shell/Slurm execution not audited safe,,,,not measured,not measured,not measured,optimized
compare_lora_checkpoints.py,compare_lora_checkpoints.py,py,2432,2432,0,0.000,82,82,608,608,ceil(UTF-8 bytes / 4),byte-identical,identical SHA-256,verified,no,"non-stdlib or expansive imports: __future__,safetensors,torch; non-stdlib or expansive imports: __future__,safetensors,torch",,,,not measured,not measured,not measured,preserved
compare_v3_deltas.py,compare_v3_deltas.py,py,2659,2659,0,0.000,81,81,665,665,ceil(UTF-8 bytes / 4),byte-identical,identical SHA-256,verified,no,"non-stdlib or expansive imports: __future__,safetensors,torch; non-stdlib or expansive imports: __future__,safetensors,torch",,,,not measured,not measured,not measured,preserved
compare_v4_shard_numerics.py,compare_v4_shard_numerics.py,py,2799,2797,-2,0.071,78,78,700,700,ceil(UTF-8 bytes / 4),packaging-and-relocation-only,byte-identical after packaging removal and collection-path normalization,verified,no,non-stdlib or expansive imports: __future__; non-stdlib or expansive imports: __future__,,,,not measured,not measured,not measured,optimized
conclusion_check.py,conclusion_check.py,py,2834,2832,-2,0.071,78,78,709,708,ceil(UTF-8 bytes / 4),packaging-and-relocation-only,byte-identical after packaging removal and collection-path normalization,verified,no,non-stdlib or expansive imports: yaml; non-stdlib or expansive imports: yaml,,,,not measured,not measured,not measured,optimized
convert_deepseek_native_to_hf.py,convert_deepseek_native_to_hf.py,py,15640,15638,-2,0.013,346,346,3910,3910,ceil(UTF-8 bytes / 4),packaging-and-relocation-only,byte-identical after packaging removal and collection-path normalization,verified,no,"non-stdlib or expansive imports: __future__,safetensors,shutil,torch; non-stdlib or expansive imports: __future__,safetensors,shutil,torch",,,,not measured,not measured,not measured,optimized
convert_responses_tokenizer.py,convert_responses_tokenizer.py,py,341513,4061,-337452,98.811,143,99,85379,1016,ceil(UTF-8 bytes / 4),python-ast-equivalent,equal Python AST after marked bundle removal,verified,no,non-stdlib or expansive imports: __future__; non-stdlib or expansive imports: __future__,,,,not measured,not measured,not measured,optimized
cpu_watch.sh,cpu_watch.sh,sh,1756,1754,-2,0.114,34,34,439,439,ceil(UTF-8 bytes / 4),packaging-and-relocation-only,byte-identical after packaging removal and collection-path normalization,verified,no,shell/Slurm execution not audited safe; shell/Slurm execution not audited safe,,,,not measured,not measured,not measured,optimized
delta_profiles.py,delta_profiles.py,py,340213,2761,-337452,99.188,124,80,85054,691,ceil(UTF-8 bytes / 4),python-ast-equivalent,equal Python AST after marked bundle removal,verified,no,"non-stdlib or expansive imports: fnmatch,selfupdate,yaml; non-stdlib or expansive imports: fnmatch,selfupdate,yaml",,,,not measured,not measured,not measured,optimized
demo_35b_answers.sh,demo_35b_answers.sh,sh,1222,1220,-2,0.164,22,22,306,305,ceil(UTF-8 bytes / 4),packaging-and-relocation-only,byte-identical after packaging removal and collection-path normalization,verified,no,shell/Slurm execution not audited safe; shell/Slurm execution not audited safe,,,,not measured,not measured,not measured,optimized
demo_deepseek_bf16.sh,demo_deepseek_bf16.sh,sh,1432,1153,-279,19.483,25,21,358,289,ceil(UTF-8 bytes / 4),lexically-equivalent,equal comment/format-insensitive lexical token sequence,verified,no,shell/Slurm execution not audited safe; shell/Slurm execution not audited safe,,,,not measured,not measured,not measured,optimized
demo_deepseek_retry.sh,demo_deepseek_retry.sh,sh,1158,1156,-2,0.173,21,21,290,289,ceil(UTF-8 bytes / 4),packaging-and-relocation-only,byte-identical after packaging removal and collection-path normalization,verified,no,shell/Slurm execution not audited safe; shell/Slurm execution not audited safe,,,,not measured,not measured,not measured,optimized
demos/ppn_demo.sh,demos/ppn_demo.sh,sh,4254,4254,0,0.000,137,137,1064,1064,ceil(UTF-8 bytes / 4),byte-identical,identical SHA-256,verified,no,shell/Slurm execution not audited safe; shell/Slurm execution not audited safe,,,,not measured,not measured,not measured,preserved
demos/ppn_partition_demo.py,demos/ppn_partition_demo.py,py,4628,4628,0,0.000,132,132,1157,1157,ceil(UTF-8 bytes / 4),byte-identical,identical SHA-256,verified,no,non-stdlib or expansive imports: __future__; non-stdlib or expansive imports: __future__,,,,not measured,not measured,not measured,preserved
demos/ppn_partition_readable.py,demos/ppn_partition_readable.py,py,15982,15982,0,0.000,390,390,3996,3996,ceil(UTF-8 bytes / 4),byte-identical,identical SHA-256,verified,no,non-stdlib or expansive imports: __future__; non-stdlib or expansive imports: __future__,,,,not measured,not measured,not measured,preserved
demos/ppn_stage_demo.py,demos/ppn_stage_demo.py,py,4840,4840,0,0.000,128,128,1210,1210,ceil(UTF-8 bytes / 4),byte-identical,identical SHA-256,verified,no,non-stdlib or expansive imports: __future__; non-stdlib or expansive imports: __future__,,,,not measured,not measured,not measured,preserved
demos/ppp_demo.sh,demos/ppp_demo.sh,sh,3831,3831,0,0.000,118,118,958,958,ceil(UTF-8 bytes / 4),byte-identical,identical SHA-256,verified,no,shell/Slurm execution not audited safe; shell/Slurm execution not audited safe,,,,not measured,not measured,not measured,preserved
demos/ppp_independent_stage_demo.py,demos/ppp_independent_stage_demo.py,py,3045,3045,0,0.000,80,80,762,762,ceil(UTF-8 bytes / 4),byte-identical,identical SHA-256,verified,no,non-stdlib or expansive imports: __future__; non-stdlib or expansive imports: __future__,,,,not measured,not measured,not measured,preserved
dequantize_snapshot.py,dequantize_snapshot.py,py,7079,7077,-2,0.028,182,182,1770,1770,ceil(UTF-8 bytes / 4),packaging-and-relocation-only,byte-identical after packaging removal and collection-path normalization,verified,no,"non-stdlib or expansive imports: __future__,safetensors,shutil,torch; non-stdlib or expansive imports: __future__,safetensors,shutil,torch",,,,not measured,not measured,not measured,optimized
destruct_eval.py,destruct_eval.py,py,344189,6735,-337454,98.043,194,150,86048,1684,ceil(UTF-8 bytes / 4),python-ast-equivalent,equal Python AST after marked bundle removal,verified,no,"non-stdlib or expansive imports: selfupdate,torch,transformers; non-stdlib or expansive imports: selfupdate,torch,transformers",,,,not measured,not measured,not measured,optimized
download_mlt2.sh,download_mlt2.sh,sh,1804,1802,-2,0.111,36,36,451,451,ceil(UTF-8 bytes / 4),packaging-and-relocation-only,byte-identical after packaging removal and collection-path normalization,verified,no,shell/Slurm execution not audited safe; shell/Slurm execution not audited safe,,,,not measured,not measured,not measured,optimized
evaluate.py,evaluate.py,py,354723,17269,-337454,95.132,423,379,88681,4318,ceil(UTF-8 bytes / 4),python-ast-equivalent,equal Python AST after marked bundle removal,verified,no,"non-stdlib or expansive imports: selfupdate,torch,transformers,yaml; non-stdlib or expansive imports: selfupdate,torch,transformers,yaml",,,,not measured,not measured,not measured,optimized
evaluate_v31_4b_full_standard.sh,evaluate_v31_4b_full_standard.sh,sh,1557,1549,-8,0.514,42,42,390,388,ceil(UTF-8 bytes / 4),packaging-and-relocation-only,byte-identical after packaging removal and collection-path normalization,verified,no,shell/Slurm execution not audited safe; shell/Slurm execution not audited safe,,,,not measured,not measured,not measured,optimized
evaluate_vllm_mixed_result.py,evaluate_vllm_mixed_result.py,py,8031,8031,0,0.000,172,172,2008,2008,ceil(UTF-8 bytes / 4),byte-identical,identical SHA-256,verified,no,"non-stdlib or expansive imports: __future__,build_teacher_cache; non-stdlib or expansive imports: __future__,build_teacher_cache",,,,not measured,not measured,not measured,preserved
fetch_poem.py,fetch_poem.py,py,2440,2440,0,0.000,79,79,610,610,ceil(UTF-8 bytes / 4),byte-identical,identical SHA-256,verified,no,non-stdlib or expansive imports: urllib; non-stdlib or expansive imports: urllib,,,,not measured,not measured,not measured,preserved
fetch_quijote.py,fetch_quijote.py,py,6190,6190,0,0.000,174,174,1548,1548,ceil(UTF-8 bytes / 4),byte-identical,identical SHA-256,verified,no,non-stdlib or expansive imports: urllib; non-stdlib or expansive imports: urllib,,,,not measured,not measured,not measured,preserved
forget_curves.py,forget_curves.py,py,5498,5496,-2,0.036,155,155,1375,1374,ceil(UTF-8 bytes / 4),packaging-and-relocation-only,byte-identical after packaging removal and collection-path normalization,verified,no,"non-stdlib or expansive imports: fnmatch,matplotlib,pandas,yaml; non-stdlib or expansive imports: fnmatch,matplotlib,pandas,yaml",,,,not measured,not measured,not measured,optimized
frontier_recall.py,frontier_recall.py,py,339671,2219,-337452,99.347,105,61,84918,555,ceil(UTF-8 bytes / 4),python-ast-equivalent,equal Python AST after marked bundle removal,verified,no,non-stdlib or expansive imports: selfupdate; non-stdlib or expansive imports: selfupdate,,,,not measured,not measured,not measured,optimized
fuse_experts_snapshot.py,fuse_experts_snapshot.py,py,7223,7221,-2,0.028,190,190,1806,1806,ceil(UTF-8 bytes / 4),packaging-and-relocation-only,byte-identical after packaging removal and collection-path normalization,verified,no,"non-stdlib or expansive imports: __future__,safetensors,shutil,torch; non-stdlib or expansive imports: __future__,safetensors,shutil,torch",,,,not measured,not measured,not measured,optimized
gen_pareto_v2_screen.py,gen_pareto_v2_screen.py,py,4524,4522,-2,0.044,110,110,1131,1131,ceil(UTF-8 bytes / 4),packaging-and-relocation-only,byte-identical after packaging removal and collection-path normalization,verified,no,"non-stdlib or expansive imports: __future__,yaml; non-stdlib or expansive imports: __future__,yaml",,,,not measured,not measured,not measured,optimized
generate.py,generate.py,py,12891,12891,0,0.000,341,341,3223,3223,ceil(UTF-8 bytes / 4),byte-identical,identical SHA-256,verified,no,"non-stdlib or expansive imports: __future__,subprocess; non-stdlib or expansive imports: __future__,subprocess",,,,not measured,not measured,not measured,preserved
gpu_health.sh,gpu_health.sh,sh,1963,1957,-6,0.306,41,41,491,490,ceil(UTF-8 bytes / 4),packaging-and-relocation-only,byte-identical after packaging removal and collection-path normalization,verified,no,shell/Slurm execution not audited safe; shell/Slurm execution not audited safe,,,,not measured,not measured,not measured,optimized
gpu_lease.sh,gpu_lease.sh,sh,12811,12811,0,0.000,344,344,3203,3203,ceil(UTF-8 bytes / 4),byte-identical,identical SHA-256,verified,no,shell/Slurm execution not audited safe; shell/Slurm execution not audited safe,,,,not measured,not measured,not measured,preserved
gpu_scheduler.sh,gpu_scheduler.sh,sh,11501,11495,-6,0.052,300,300,2876,2874,ceil(UTF-8 bytes / 4),packaging-and-relocation-only,byte-identical after packaging removal and collection-path normalization,verified,no,shell/Slurm execution not audited safe; shell/Slurm execution not audited safe,,,,not measured,not measured,not measured,optimized
gpu_speed_backfill.sh,gpu_speed_backfill.sh,sh,1919,1917,-2,0.104,67,67,480,480,ceil(UTF-8 bytes / 4),packaging-and-relocation-only,byte-identical after packaging removal and collection-path normalization,verified,no,shell/Slurm execution not audited safe; shell/Slurm execution not audited safe,,,,not measured,not measured,not measured,optimized
gpu_util_monitor.sh,gpu_util_monitor.sh,sh,618,618,0,0.000,22,22,155,155,ceil(UTF-8 bytes / 4),byte-identical,identical SHA-256,verified,no,shell/Slurm execution not audited safe; shell/Slurm execution not audited safe,,,,not measured,not measured,not measured,preserved
gpu_watchdog.sh,gpu_watchdog.sh,sh,1597,1595,-2,0.125,36,36,400,399,ceil(UTF-8 bytes / 4),packaging-and-relocation-only,byte-identical after packaging removal and collection-path normalization,verified,no,shell/Slurm execution not audited safe; shell/Slurm execution not audited safe,,,,not measured,not measured,not measured,optimized
grid_tile_bench.py,grid_tile_bench.py,py,349057,11607,-337450,96.675,352,308,87265,2902,ceil(UTF-8 bytes / 4),python-ast-equivalent,equal Python AST after marked bundle removal,verified,no,"non-stdlib or expansive imports: __future__,platform,selfupdate,torch; non-stdlib or expansive imports: __future__,platform,selfupdate,torch",,,,not measured,not measured,not measured,optimized
group_reports_v2.py,group_reports_v2.py,py,9695,9695,0,0.000,244,244,2424,2424,ceil(UTF-8 bytes / 4),byte-identical,identical SHA-256,verified,no,"non-stdlib or expansive imports: __future__,matplotlib,pandas; non-stdlib or expansive imports: __future__,matplotlib,pandas",,,,not measured,not measured,not measured,preserved
hourly_evidence_check.sh,hourly_evidence_check.sh,sh,3070,3062,-8,0.261,90,90,768,766,ceil(UTF-8 bytes / 4),packaging-and-relocation-only,byte-identical after packaging removal and collection-path normalization,verified,no,shell/Slurm execution not audited safe; shell/Slurm execution not audited safe,,,,not measured,not measured,not measured,optimized
l40s_exec.sh,l40s_exec.sh,sh,4112,4106,-6,0.146,89,89,1028,1027,ceil(UTF-8 bytes / 4),packaging-and-relocation-only,byte-identical after packaging removal and collection-path normalization,verified,no,shell/Slurm execution not audited safe; shell/Slurm execution not audited safe,,,,not measured,not measured,not measured,optimized
l40s_setup.sh,l40s_setup.sh,sh,1031,1031,0,0.000,23,23,258,258,ceil(UTF-8 bytes / 4),byte-identical,identical SHA-256,verified,no,shell/Slurm execution not audited safe; shell/Slurm execution not audited safe,,,,not measured,not measured,not measured,preserved
l40s_train_v3.sh,l40s_train_v3.sh,sh,1412,1398,-14,0.992,52,52,353,350,ceil(UTF-8 bytes / 4),packaging-and-relocation-only,byte-identical after packaging removal and collection-path normalization,verified,no,shell/Slurm execution not audited safe; shell/Slurm execution not audited safe,,,,not measured,not measured,not measured,optimized
l40s_vllm_teacher_campaign.sh,l40s_vllm_teacher_campaign.sh,sh,5350,5346,-4,0.075,118,118,1338,1337,ceil(UTF-8 bytes / 4),packaging-and-relocation-only,byte-identical after packaging removal and collection-path normalization,verified,no,shell/Slurm execution not audited safe; shell/Slurm execution not audited safe,,,,not measured,not measured,not measured,optimized
launch_dsflash_ppp8x.sh,launch_dsflash_ppp8x.sh,sh,803,452,-351,43.711,14,9,201,113,ceil(UTF-8 bytes / 4),lexically-equivalent,equal comment/format-insensitive lexical token sequence,verified,no,shell/Slurm execution not audited safe; shell/Slurm execution not audited safe,,,,not measured,not measured,not measured,optimized
launch_g31b_ppp5x.sh,launch_g31b_ppp5x.sh,sh,547,409,-138,25.229,11,9,137,103,ceil(UTF-8 bytes / 4),lexically-equivalent,equal comment/format-insensitive lexical token sequence,verified,no,shell/Slurm execution not audited safe; shell/Slurm execution not audited safe,,,,not measured,not measured,not measured,optimized
launch_g31b_ppp8x.sh,launch_g31b_ppp8x.sh,sh,491,391,-100,20.367,9,8,123,98,ceil(UTF-8 bytes / 4),lexically-equivalent,equal comment/format-insensitive lexical token sequence,verified,no,shell/Slurm execution not audited safe; shell/Slurm execution not audited safe,,,,not measured,not measured,not measured,optimized
launch_g31b_v4.sh,launch_g31b_v4.sh,sh,450,284,-166,36.889,9,7,113,71,ceil(UTF-8 bytes / 4),lexically-equivalent,equal comment/format-insensitive lexical token sequence,verified,no,shell/Slurm execution not audited safe; shell/Slurm execution not audited safe,,,,not measured,not measured,not measured,optimized
launch_q0p6b_ppp2x_test.sh,launch_q0p6b_ppp2x_test.sh,sh,664,354,-310,46.687,12,8,166,89,ceil(UTF-8 bytes / 4),lexically-equivalent,equal comment/format-insensitive lexical token sequence,verified,no,shell/Slurm execution not audited safe; shell/Slurm execution not audited safe,,,,not measured,not measured,not measured,optimized
launch_q0p6b_ppp3x_test.sh,launch_q0p6b_ppp3x_test.sh,sh,584,358,-226,38.699,11,8,146,90,ceil(UTF-8 bytes / 4),lexically-equivalent,equal comment/format-insensitive lexical token sequence,verified,no,shell/Slurm execution not audited safe; shell/Slurm execution not audited safe,,,,not measured,not measured,not measured,optimized
launch_q122b_ppp8x.sh,launch_q122b_ppp8x.sh,sh,597,432,-165,27.638,11,9,150,108,ceil(UTF-8 bytes / 4),lexically-equivalent,equal comment/format-insensitive lexical token sequence,verified,no,shell/Slurm execution not audited safe; shell/Slurm execution not audited safe,,,,not measured,not measured,not measured,optimized
launch_q122b_ppp8x_adam.sh,launch_q122b_ppp8x_adam.sh,sh,599,442,-157,26.210,11,9,150,111,ceil(UTF-8 bytes / 4),lexically-equivalent,equal comment/format-insensitive lexical token sequence,verified,no,shell/Slurm execution not audited safe; shell/Slurm execution not audited safe,,,,not measured,not measured,not measured,optimized
launch_q122b_ppp8x_evalin.sh,launch_q122b_ppp8x_evalin.sh,sh,419,417,-2,0.477,8,8,105,105,ceil(UTF-8 bytes / 4),packaging-and-relocation-only,byte-identical after packaging removal and collection-path normalization,verified,no,shell/Slurm execution not audited safe; shell/Slurm execution not audited safe,,,,not measured,not measured,not measured,optimized
launch_q397b_ppp8x.sh,launch_q397b_ppp8x.sh,sh,604,432,-172,28.477,11,9,151,108,ceil(UTF-8 bytes / 4),lexically-equivalent,equal comment/format-insensitive lexical token sequence,verified,no,shell/Slurm execution not audited safe; shell/Slurm execution not audited safe,,,,not measured,not measured,not measured,optimized
launch_q397b_ppp8x_adam.sh,launch_q397b_ppp8x_adam.sh,sh,613,442,-171,27.896,11,9,154,111,ceil(UTF-8 bytes / 4),lexically-equivalent,equal comment/format-insensitive lexical token sequence,verified,no,shell/Slurm execution not audited safe; shell/Slurm execution not audited safe,,,,not measured,not measured,not measured,optimized
launch_v32r_score100_campaign.sh,launch_v32r_score100_campaign.sh,sh,2114,2112,-2,0.095,44,44,529,528,ceil(UTF-8 bytes / 4),packaging-and-relocation-only,byte-identical after packaging removal and collection-path normalization,verified,no,shell/Slurm execution not audited safe; shell/Slurm execution not audited safe,,,,not measured,not measured,not measured,optimized
launch_v4_stages.sh,launch_v4_stages.sh,sh,12312,12292,-20,0.162,240,240,3078,3073,ceil(UTF-8 bytes / 4),packaging-and-relocation-only,byte-identical after packaging removal and collection-path normalization,verified,no,shell/Slurm execution not audited safe; shell/Slurm execution not audited safe,,,,not measured,not measured,not measured,optimized
layer_delta_timeline.py,layer_delta_timeline.py,py,342813,5361,-337452,98.436,202,158,85704,1341,ceil(UTF-8 bytes / 4),python-ast-equivalent,equal Python AST after marked bundle removal,verified,no,"non-stdlib or expansive imports: __future__,fnmatch,matplotlib,pandas,selfupdate; non-stdlib or expansive imports: __future__,fnmatch,matplotlib,pandas,selfupdate",,,,not measured,not measured,not measured,optimized
layer_loss_plots.py,layer_loss_plots.py,py,7750,7748,-2,0.026,197,197,1938,1937,ceil(UTF-8 bytes / 4),packaging-and-relocation-only,byte-identical after packaging removal and collection-path normalization,verified,no,"non-stdlib or expansive imports: fnmatch,matplotlib,pandas; non-stdlib or expansive imports: fnmatch,matplotlib,pandas",,,,not measured,not measured,not measured,optimized
layer_swap.py,layer_swap.py,py,340038,2586,-337452,99.239,121,77,85010,647,ceil(UTF-8 bytes / 4),python-ast-equivalent,equal Python AST after marked bundle removal,verified,no,"non-stdlib or expansive imports: pandas,selfupdate,torch,transformers; non-stdlib or expansive imports: pandas,selfupdate,torch,transformers",,,,not measured,not measured,not measured,optimized
logit_lens.py,logit_lens.py,py,341214,3762,-337452,98.897,154,110,85304,941,ceil(UTF-8 bytes / 4),python-ast-equivalent,equal Python AST after marked bundle removal,verified,no,"non-stdlib or expansive imports: matplotlib,pandas,selfupdate,torch,transformers; non-stdlib or expansive imports: matplotlib,pandas,selfupdate,torch,transformers",,,,not measured,not measured,not measured,optimized
lossgrid_health_monitor.sh,lossgrid_health_monitor.sh,sh,3539,3539,0,0.000,83,83,885,885,ceil(UTF-8 bytes / 4),byte-identical,identical SHA-256,verified,no,shell/Slurm execution not audited safe; shell/Slurm execution not audited safe,,,,not measured,not measured,not measured,preserved
lossgrid_report.py,lossgrid_report.py,py,8859,8857,-2,0.023,215,215,2215,2215,ceil(UTF-8 bytes / 4),packaging-and-relocation-only,byte-identical after packaging removal and collection-path normalization,verified,no,"non-stdlib or expansive imports: __future__,yaml; non-stdlib or expansive imports: __future__,yaml",,,,not measured,not measured,not measured,optimized
lossgrid_visuals.py,lossgrid_visuals.py,py,4843,4843,0,0.000,113,113,1211,1211,ceil(UTF-8 bytes / 4),byte-identical,identical SHA-256,verified,no,"non-stdlib or expansive imports: matplotlib,pandas; non-stdlib or expansive imports: matplotlib,pandas",,,,not measured,not measured,not measured,preserved
memory_plan.py,memory_plan.py,py,9867,9865,-2,0.020,223,223,2467,2467,ceil(UTF-8 bytes / 4),packaging-and-relocation-only,byte-identical after packaging removal and collection-path normalization,verified,no,non-stdlib or expansive imports: torch; non-stdlib or expansive imports: torch,,,,not measured,not measured,not measured,optimized
merge_v4_adapters.py,merge_v4_adapters.py,py,3649,3647,-2,0.055,95,95,913,912,ceil(UTF-8 bytes / 4),packaging-and-relocation-only,byte-identical after packaging removal and collection-path normalization,verified,no,"non-stdlib or expansive imports: __future__,safetensors,shutil; non-stdlib or expansive imports: __future__,safetensors,shutil",,,,not measured,not measured,not measured,optimized
model_matrix.py,model_matrix.py,py,4181,4179,-2,0.048,121,121,1046,1045,ceil(UTF-8 bytes / 4),packaging-and-relocation-only,byte-identical after packaging removal and collection-path normalization,verified,yes,stdlib-only argparse main guard; stdlib-only argparse main guard,31.742,31.606,-0.428,median of 5 isolated --help runs; median of 5 isolated --help runs,not measured,not measured,optimized
moe_router_probe.py,moe_router_probe.py,py,342984,5534,-337450,98.387,189,145,85746,1384,ceil(UTF-8 bytes / 4),python-ast-equivalent,equal Python AST after marked bundle removal,verified,no,"non-stdlib or expansive imports: pandas,selfupdate,torch,transformers; non-stdlib or expansive imports: pandas,selfupdate,torch,transformers",,,,not measured,not measured,not measured,optimized
overnight_27b_online.sh,overnight_27b_online.sh,sh,2187,2181,-6,0.274,53,53,547,546,ceil(UTF-8 bytes / 4),packaging-and-relocation-only,byte-identical after packaging removal and collection-path normalization,verified,no,shell/Slurm execution not audited safe; shell/Slurm execution not audited safe,,,,not measured,not measured,not measured,optimized
parallel_bench.py,parallel_bench.py,py,346150,8696,-337454,97.488,252,208,86538,2174,ceil(UTF-8 bytes / 4),python-ast-equivalent,equal Python AST after marked bundle removal,verified,no,"non-stdlib or expansive imports: selfupdate,torch,transformers; non-stdlib or expansive imports: selfupdate,torch,transformers",,,,not measured,not measured,not measured,optimized
pipeline_tail.sh,pipeline_tail.sh,sh,437,437,0,0.000,12,12,110,110,ceil(UTF-8 bytes / 4),byte-identical,identical SHA-256,verified,no,shell/Slurm execution not audited safe; shell/Slurm execution not audited safe,,,,not measured,not measured,not measured,preserved
ppn_partition.py,ppn_partition.py,py,340778,3328,-337450,99.023,132,88,85195,832,ceil(UTF-8 bytes / 4),python-ast-equivalent,equal Python AST after marked bundle removal,verified,no,"non-stdlib or expansive imports: __future__,selfupdate; non-stdlib or expansive imports: __future__,selfupdate",,,,not measured,not measured,not measured,optimized
premise_gate.py,premise_gate.py,py,730,730,0,0.000,18,18,183,183,ceil(UTF-8 bytes / 4),byte-identical,identical SHA-256,verified,no,no argparse main guard; no argparse main guard,,,,not measured,not measured,not measured,preserved
qualitative_chat_review.py,qualitative_chat_review.py,py,349068,11618,-337450,96.672,360,316,87267,2905,ceil(UTF-8 bytes / 4),python-ast-equivalent,equal Python AST after marked bundle removal,verified,no,"non-stdlib or expansive imports: __future__,selfupdate,torch,transformers; non-stdlib or expansive imports: __future__,selfupdate,torch,transformers",,,,not measured,not measured,not measured,optimized
rag_generation_gate.py,rag_generation_gate.py,py,5270,5270,0,0.000,105,105,1318,1318,ceil(UTF-8 bytes / 4),byte-identical,identical SHA-256,verified,no,non-stdlib or expansive imports: __future__; non-stdlib or expansive imports: __future__,,,,not measured,not measured,not measured,preserved
recite_long.py,recite_long.py,py,341714,4262,-337452,98.753,160,116,85429,1066,ceil(UTF-8 bytes / 4),python-ast-equivalent,equal Python AST after marked bundle removal,verified,no,"non-stdlib or expansive imports: selfupdate,torch,transformers; non-stdlib or expansive imports: selfupdate,torch,transformers",,,,not measured,not measured,not measured,optimized
refresh_report_v2_index.py,refresh_report_v2_index.py,py,253,253,0,0.000,8,8,64,64,ceil(UTF-8 bytes / 4),byte-identical,identical SHA-256,verified,no,non-stdlib or expansive imports: report_v2; non-stdlib or expansive imports: report_v2,,,,not measured,not measured,not measured,preserved
refresh_v31_0p8b_full_damage_reports.sh,refresh_v31_0p8b_full_damage_reports.sh,sh,1443,1435,-8,0.554,42,42,361,359,ceil(UTF-8 bytes / 4),packaging-and-relocation-only,byte-identical after packaging removal and collection-path normalization,verified,no,shell/Slurm execution not audited safe; shell/Slurm execution not audited safe,,,,not measured,not measured,not measured,optimized
refresh_v31_reports.sh,refresh_v31_reports.sh,sh,1167,1159,-8,0.686,39,39,292,290,ceil(UTF-8 bytes / 4),packaging-and-relocation-only,byte-identical after packaging removal and collection-path normalization,verified,no,shell/Slurm execution not audited safe; shell/Slurm execution not audited safe,,,,not measured,not measured,not measured,optimized
render_programmer_walkthrough.py,render_programmer_walkthrough.py,py,7471,7471,0,0.000,201,201,1868,1868,ceil(UTF-8 bytes / 4),byte-identical,identical SHA-256,verified,no,"non-stdlib or expansive imports: __future__,matplotlib; non-stdlib or expansive imports: __future__,matplotlib",,,,not measured,not measured,not measured,preserved
report_pdf_v2.py,report_pdf_v2.py,py,6864,6864,0,0.000,178,178,1716,1716,ceil(UTF-8 bytes / 4),byte-identical,identical SHA-256,verified,no,"non-stdlib or expansive imports: __future__,matplotlib,pandas; non-stdlib or expansive imports: __future__,matplotlib,pandas",,,,not measured,not measured,not measured,preserved
report_shipper.sh,report_shipper.sh,sh,803,803,0,0.000,19,19,201,201,ceil(UTF-8 bytes / 4),byte-identical,identical SHA-256,verified,no,shell/Slurm execution not audited safe; shell/Slurm execution not audited safe,,,,not measured,not measured,not measured,preserved
report_v2.py,report_v2.py,py,66222,66222,0,0.000,1339,1339,16556,16556,ceil(UTF-8 bytes / 4),byte-identical,identical SHA-256,verified,no,"non-stdlib or expansive imports: __future__,matplotlib,pandas,report_pdf_v2,yaml; non-stdlib or expansive imports: __future__,matplotlib,pandas,report_pdf_v2,yaml",,,,not measured,not measured,not measured,preserved
results_refresher.sh,results_refresher.sh,sh,989,981,-8,0.809,21,21,248,246,ceil(UTF-8 bytes / 4),packaging-and-relocation-only,byte-identical after packaging removal and collection-path normalization,verified,no,shell/Slurm execution not audited safe; shell/Slurm execution not audited safe,,,,not measured,not measured,not measured,optimized
retention_eval.py,retention_eval.py,py,369170,31712,-337458,91.410,797,753,92293,7928,ceil(UTF-8 bytes / 4),python-ast-equivalent,equal Python AST after marked bundle removal,verified,no,"non-stdlib or expansive imports: __future__,gc,selfupdate,torch,yaml; non-stdlib or expansive imports: __future__,gc,selfupdate,torch,yaml",,,,not measured,not measured,not measured,optimized
run_m1_legs.sh,run_m1_legs.sh,sh,2921,2915,-6,0.205,74,74,731,729,ceil(UTF-8 bytes / 4),packaging-and-relocation-only,byte-identical after packaging removal and collection-path normalization,verified,no,shell/Slurm execution not audited safe; shell/Slurm execution not audited safe,,,,not measured,not measured,not measured,optimized
run_speed_check_monitored.sh,run_speed_check_monitored.sh,sh,1030,1026,-4,0.388,37,37,258,257,ceil(UTF-8 bytes / 4),packaging-and-relocation-only,byte-identical after packaging removal and collection-path normalization,verified,no,shell/Slurm execution not audited safe; shell/Slurm execution not audited safe,,,,not measured,not measured,not measured,optimized
sample_gpu_telemetry.sh,sample_gpu_telemetry.sh,sh,1686,1682,-4,0.237,58,58,422,421,ceil(UTF-8 bytes / 4),packaging-and-relocation-only,byte-identical after packaging removal and collection-path normalization,verified,no,shell/Slurm execution not audited safe; shell/Slurm execution not audited safe,,,,not measured,not measured,not measured,optimized
sample_process_telemetry.sh,sample_process_telemetry.sh,sh,3666,3662,-4,0.109,118,118,917,916,ceil(UTF-8 bytes / 4),packaging-and-relocation-only,byte-identical after packaging removal and collection-path normalization,verified,no,shell/Slurm execution not audited safe; shell/Slurm execution not audited safe,,,,not measured,not measured,not measured,optimized
sanity_chat.py,sanity_chat.py,py,341133,3683,-337450,98.920,145,101,85284,921,ceil(UTF-8 bytes / 4),python-ast-equivalent,equal Python AST after marked bundle removal,verified,no,"non-stdlib or expansive imports: selfupdate,torch,transformers; non-stdlib or expansive imports: selfupdate,torch,transformers",,,,not measured,not measured,not measured,optimized
shell_helpers.py,shell_helpers.py,py,339573,2123,-337450,99.375,104,60,84894,531,ceil(UTF-8 bytes / 4),python-ast-equivalent,equal Python AST after marked bundle removal,verified,no,non-stdlib or expansive imports: __future__; non-stdlib or expansive imports: __future__,,,,not measured,not measured,not measured,optimized
signal_attribution.py,signal_attribution.py,py,340210,2760,-337450,99.189,124,80,85053,690,ceil(UTF-8 bytes / 4),python-ast-equivalent,equal Python AST after marked bundle removal,verified,no,"non-stdlib or expansive imports: selfupdate,torch,transformers; non-stdlib or expansive imports: selfupdate,torch,transformers",,,,not measured,not measured,not measured,optimized
slurm_h100.sbatch,slurm_h100.sbatch,sbatch,1969,1965,-4,0.203,41,41,493,492,ceil(UTF-8 bytes / 4),packaging-and-relocation-only,byte-identical after packaging removal and collection-path normalization,verified,no,shell/Slurm execution not audited safe; shell/Slurm execution not audited safe,,,,not measured,not measured,not measured,optimized
smoke_family.py,smoke_family.py,py,344699,7245,-337454,97.898,227,183,86175,1812,ceil(UTF-8 bytes / 4),python-ast-equivalent,equal Python AST after marked bundle removal,verified,no,"non-stdlib or expansive imports: selfupdate,torch,traceback,transformers; non-stdlib or expansive imports: selfupdate,torch,traceback,transformers",,,,not measured,not measured,not measured,optimized
spec_verify_122b.sbatch,spec_verify_122b.sbatch,sbatch,1239,1231,-8,0.646,24,24,310,308,ceil(UTF-8 bytes / 4),packaging-and-relocation-only,byte-identical after packaging removal and collection-path normalization,verified,no,shell/Slurm execution not audited safe; shell/Slurm execution not audited safe,,,,not measured,not measured,not measured,optimized
spec_verify_batch.sbatch,spec_verify_batch.sbatch,sbatch,854,848,-6,0.703,22,22,214,212,ceil(UTF-8 bytes / 4),packaging-and-relocation-only,byte-identical after packaging removal and collection-path normalization,verified,no,shell/Slurm execution not audited safe; shell/Slurm execution not audited safe,,,,not measured,not measured,not measured,optimized
spec_verify_matrix.sh,spec_verify_matrix.sh,sh,4880,4874,-6,0.123,83,83,1220,1219,ceil(UTF-8 bytes / 4),packaging-and-relocation-only,byte-identical after packaging removal and collection-path normalization,verified,no,shell/Slurm execution not audited safe; shell/Slurm execution not audited safe,,,,not measured,not measured,not measured,optimized
speed_check.py,speed_check.py,py,349065,11613,-337452,96.673,328,284,87267,2904,ceil(UTF-8 bytes / 4),python-ast-equivalent,equal Python AST after marked bundle removal,verified,no,"non-stdlib or expansive imports: __future__,selfupdate,torch,transformers; non-stdlib or expansive imports: __future__,selfupdate,torch,transformers",,,,not measured,not measured,not measured,optimized
stage_hf_cache.sh,stage_hf_cache.sh,sh,1328,1328,0,0.000,46,46,332,332,ceil(UTF-8 bytes / 4),byte-identical,identical SHA-256,verified,no,shell/Slurm execution not audited safe; shell/Slurm execution not audited safe,,,,not measured,not measured,not measured,preserved
stage_teacher_cache_shm.sh,stage_teacher_cache_shm.sh,sh,1142,1142,0,0.000,29,29,286,286,ceil(UTF-8 bytes / 4),byte-identical,identical SHA-256,verified,no,shell/Slurm execution not audited safe; shell/Slurm execution not audited safe,,,,not measured,not measured,not measured,preserved
standard_destruction_eval.py,standard_destruction_eval.py,py,352818,15368,-337450,95.644,465,421,88205,3842,ceil(UTF-8 bytes / 4),python-ast-equivalent,equal Python AST after marked bundle removal,verified,no,"non-stdlib or expansive imports: __future__,atexit,datasets,selfupdate,shutil,socket,torch,transformers,yaml; non-stdlib or expansive imports: __future__,atexit,datasets,selfupdate,shutil,socket,torch,transformers,yaml",,,,not measured,not measured,not measured,optimized
stop_g31b_at25.sh,stop_g31b_at25.sh,sh,721,721,0,0.000,18,18,181,181,ceil(UTF-8 bytes / 4),byte-identical,identical SHA-256,verified,no,shell/Slurm execution not audited safe; shell/Slurm execution not audited safe,,,,not measured,not measured,not measured,preserved
stop_v32r_score100_campaign.sh,stop_v32r_score100_campaign.sh,sh,709,709,0,0.000,28,28,178,178,ceil(UTF-8 bytes / 4),byte-identical,identical SHA-256,verified,no,shell/Slurm execution not audited safe; shell/Slurm execution not audited safe,,,,not measured,not measured,not measured,preserved
summarize_standard_destruction.py,summarize_standard_destruction.py,py,3486,3486,0,0.000,108,108,872,872,ceil(UTF-8 bytes / 4),byte-identical,identical SHA-256,verified,no,non-stdlib or expansive imports: __future__; non-stdlib or expansive imports: __future__,,,,not measured,not measured,not measured,preserved
surprise_probe.py,surprise_probe.py,py,348613,11163,-337450,96.798,300,256,87154,2791,ceil(UTF-8 bytes / 4),python-ast-equivalent,equal Python AST after marked bundle removal,verified,no,"non-stdlib or expansive imports: __future__,matplotlib,pandas,selfupdate,torch,transformers; non-stdlib or expansive imports: __future__,matplotlib,pandas,selfupdate,torch,transformers",,,,not measured,not measured,not measured,optimized
tasks_report.py,tasks_report.py,py,13805,13803,-2,0.014,316,316,3452,3451,ceil(UTF-8 bytes / 4),packaging-and-relocation-only,byte-identical after packaging removal and collection-path normalization,verified,no,non-stdlib or expansive imports: yaml; non-stdlib or expansive imports: yaml,,,,not measured,not measured,not measured,optimized
teacher_ceiling.py,teacher_ceiling.py,py,352441,14991,-337450,95.747,375,331,88111,3748,ceil(UTF-8 bytes / 4),python-ast-equivalent,equal Python AST after marked bundle removal,verified,no,"non-stdlib or expansive imports: __future__,selfupdate,subprocess,transformers,vllm; non-stdlib or expansive imports: __future__,selfupdate,subprocess,transformers,vllm",,,,not measured,not measured,not measured,optimized
train.py,train.py,py,340057,2605,-337452,99.234,117,73,85015,652,ceil(UTF-8 bytes / 4),python-ast-equivalent,equal Python AST after marked bundle removal,verified,no,non-stdlib or expansive imports: selfupdate; non-stdlib or expansive imports: selfupdate,,,,not measured,not measured,not measured,optimized
train_and_report.py,train_and_report.py,py,339480,2030,-337450,99.402,108,64,84870,508,ceil(UTF-8 bytes / 4),python-ast-equivalent,equal Python AST after marked bundle removal,verified,no,"non-stdlib or expansive imports: __future__,report_v2,selfupdate; non-stdlib or expansive imports: __future__,report_v2,selfupdate",,,,not measured,not measured,not measured,optimized
train_batch_bench.py,train_batch_bench.py,py,350572,13120,-337452,96.258,375,331,87643,3280,ceil(UTF-8 bytes / 4),python-ast-equivalent,equal Python AST after marked bundle removal,verified,no,"non-stdlib or expansive imports: __future__,importlib,platform,selfupdate,torch,transformers; non-stdlib or expansive imports: __future__,importlib,platform,selfupdate,torch,transformers",,,,not measured,not measured,not measured,optimized
train_certify.py,train_certify.py,py,354853,17391,-337462,95.099,444,400,88714,4348,ceil(UTF-8 bytes / 4),python-ast-equivalent,equal Python AST after marked bundle removal,verified,no,"non-stdlib or expansive imports: selfupdate,subprocess,torch,yaml; non-stdlib or expansive imports: selfupdate,subprocess,torch,yaml",,,,not measured,not measured,not measured,optimized
train_oom_backoff.py,train_oom_backoff.py,py,340664,3212,-337452,99.057,128,84,85166,803,ceil(UTF-8 bytes / 4),python-ast-equivalent,equal Python AST after marked bundle removal,verified,no,"non-stdlib or expansive imports: subprocess,yaml; non-stdlib or expansive imports: subprocess,yaml",,,,not measured,not measured,not measured,optimized
train_tuned_lens.py,train_tuned_lens.py,py,342014,4562,-337452,98.666,168,124,85504,1141,ceil(UTF-8 bytes / 4),python-ast-equivalent,equal Python AST after marked bundle removal,verified,no,"non-stdlib or expansive imports: selfupdate,torch,transformers; non-stdlib or expansive imports: selfupdate,torch,transformers",,,,not measured,not measured,not measured,optimized
v31_bk_cohort_probe.py,v31_bk_cohort_probe.py,py,348886,11436,-337450,96.722,325,281,87222,2859,ceil(UTF-8 bytes / 4),python-ast-equivalent,equal Python AST after marked bundle removal,verified,no,"non-stdlib or expansive imports: __future__,selfupdate,torch; non-stdlib or expansive imports: __future__,selfupdate,torch",,,,not measured,not measured,not measured,optimized
v31_bk_smoke.py,v31_bk_smoke.py,py,349210,11760,-337450,96.632,339,295,87303,2940,ceil(UTF-8 bytes / 4),python-ast-equivalent,equal Python AST after marked bundle removal,verified,no,"non-stdlib or expansive imports: __future__,selfupdate,torch,transformers; non-stdlib or expansive imports: __future__,selfupdate,torch,transformers",,,,not measured,not measured,not measured,optimized
v3_smoke.py,v3_smoke.py,py,352388,14938,-337450,95.761,407,363,88097,3735,ceil(UTF-8 bytes / 4),python-ast-equivalent,equal Python AST after marked bundle removal,verified,no,"non-stdlib or expansive imports: __future__,safetensors,selfupdate,torch,transformers; non-stdlib or expansive imports: __future__,safetensors,selfupdate,torch,transformers",,,,not measured,not measured,not measured,optimized
v4_battery.py,v4_battery.py,py,343988,6538,-337450,98.099,192,148,85997,1635,ceil(UTF-8 bytes / 4),python-ast-equivalent,equal Python AST after marked bundle removal,verified,yes,stdlib-only argparse main guard; stdlib-only argparse main guard,113.890,63.718,-44.053,median of 5 isolated --help runs; median of 5 isolated --help runs,not measured,not measured,optimized
v4_stage_reaper.sh,v4_stage_reaper.sh,sh,2258,2258,0,0.000,55,55,565,565,ceil(UTF-8 bytes / 4),byte-identical,identical SHA-256,verified,no,shell/Slurm execution not audited safe; shell/Slurm execution not audited safe,,,,not measured,not measured,not measured,preserved
variants/_forward.py,variants/_forward.py,py,951,951,0,0.000,27,27,238,238,ceil(UTF-8 bytes / 4),byte-identical,identical SHA-256,verified,no,non-stdlib or expansive imports: __future__; non-stdlib or expansive imports: __future__,,,,not measured,not measured,not measured,preserved
variants/build_teacher_cache_answers.py,variants/build_teacher_cache_answers.py,py,125,125,0,0.000,3,3,32,32,ceil(UTF-8 bytes / 4),byte-identical,identical SHA-256,verified,no,non-stdlib or expansive imports: _forward; non-stdlib or expansive imports: _forward,,,,not measured,not measured,not measured,preserved
variants/build_teacher_cache_full.py,variants/build_teacher_cache_full.py,py,105,105,0,0.000,3,3,27,27,ceil(UTF-8 bytes / 4),byte-identical,identical SHA-256,verified,no,non-stdlib or expansive imports: _forward; non-stdlib or expansive imports: _forward,,,,not measured,not measured,not measured,preserved
variants/build_teacher_cache_index.py,variants/build_teacher_cache_index.py,py,120,120,0,0.000,3,3,30,30,ceil(UTF-8 bytes / 4),byte-identical,identical SHA-256,verified,no,non-stdlib or expansive imports: _forward; non-stdlib or expansive imports: _forward,,,,not measured,not measured,not measured,preserved
variants/destruct_base_fast.py,variants/destruct_base_fast.py,py,107,107,0,0.000,3,3,27,27,ceil(UTF-8 bytes / 4),byte-identical,identical SHA-256,verified,no,non-stdlib or expansive imports: _forward; non-stdlib or expansive imports: _forward,,,,not measured,not measured,not measured,preserved
variants/destruct_base_full.py,variants/destruct_base_full.py,py,116,116,0,0.000,3,3,29,29,ceil(UTF-8 bytes / 4),byte-identical,identical SHA-256,verified,no,non-stdlib or expansive imports: _forward; non-stdlib or expansive imports: _forward,,,,not measured,not measured,not measured,preserved
variants/destruct_checkpoint_fast.py,variants/destruct_checkpoint_fast.py,py,82,82,0,0.000,3,3,21,21,ceil(UTF-8 bytes / 4),byte-identical,identical SHA-256,verified,no,non-stdlib or expansive imports: _forward; non-stdlib or expansive imports: _forward,,,,not measured,not measured,not measured,preserved
variants/destruct_checkpoint_full.py,variants/destruct_checkpoint_full.py,py,91,91,0,0.000,3,3,23,23,ceil(UTF-8 bytes / 4),byte-identical,identical SHA-256,verified,no,non-stdlib or expansive imports: _forward; non-stdlib or expansive imports: _forward,,,,not measured,not measured,not measured,preserved
variants/evaluate_base.py,variants/evaluate_base.py,py,113,113,0,0.000,3,3,29,29,ceil(UTF-8 bytes / 4),byte-identical,identical SHA-256,verified,no,non-stdlib or expansive imports: _forward; non-stdlib or expansive imports: _forward,,,,not measured,not measured,not measured,preserved
variants/evaluate_checkpoint.py,variants/evaluate_checkpoint.py,py,88,88,0,0.000,3,3,22,22,ceil(UTF-8 bytes / 4),byte-identical,identical SHA-256,verified,no,non-stdlib or expansive imports: _forward; non-stdlib or expansive imports: _forward,,,,not measured,not measured,not measured,preserved
variants/evaluate_layer_residuals.py,variants/evaluate_layer_residuals.py,py,108,108,0,0.000,3,3,27,27,ceil(UTF-8 bytes / 4),byte-identical,identical SHA-256,verified,no,non-stdlib or expansive imports: _forward; non-stdlib or expansive imports: _forward,,,,not measured,not measured,not measured,preserved
variants/logit_lens_raw.py,variants/logit_lens_raw.py,py,85,85,0,0.000,3,3,22,22,ceil(UTF-8 bytes / 4),byte-identical,identical SHA-256,verified,no,non-stdlib or expansive imports: _forward; non-stdlib or expansive imports: _forward,,,,not measured,not measured,not measured,preserved
variants/logit_lens_tuned.py,variants/logit_lens_tuned.py,py,87,87,0,0.000,3,3,22,22,ceil(UTF-8 bytes / 4),byte-identical,identical SHA-256,verified,no,non-stdlib or expansive imports: _forward; non-stdlib or expansive imports: _forward,,,,not measured,not measured,not measured,preserved
variants/parallel_bench_pipeline_2gpu.py,variants/parallel_bench_pipeline_2gpu.py,py,89,89,0,0.000,3,3,23,23,ceil(UTF-8 bytes / 4),byte-identical,identical SHA-256,verified,no,non-stdlib or expansive imports: _forward; non-stdlib or expansive imports: _forward,,,,not measured,not measured,not measured,preserved
variants/parallel_bench_single.py,variants/parallel_bench_single.py,py,92,92,0,0.000,3,3,23,23,ceil(UTF-8 bytes / 4),byte-identical,identical SHA-256,verified,no,non-stdlib or expansive imports: _forward; non-stdlib or expansive imports: _forward,,,,not measured,not measured,not measured,preserved
variants/parallel_bench_tensor_2gpu.py,variants/parallel_bench_tensor_2gpu.py,py,89,89,0,0.000,3,3,23,23,ceil(UTF-8 bytes / 4),byte-identical,identical SHA-256,verified,no,non-stdlib or expansive imports: _forward; non-stdlib or expansive imports: _forward,,,,not measured,not measured,not measured,preserved
variants/smoke_family_all.py,variants/smoke_family_all.py,py,89,89,0,0.000,3,3,23,23,ceil(UTF-8 bytes / 4),byte-identical,identical SHA-256,verified,no,non-stdlib or expansive imports: _forward; non-stdlib or expansive imports: _forward,,,,not measured,not measured,not measured,preserved
variants/smoke_family_default.py,variants/smoke_family_default.py,py,81,81,0,0.000,3,3,21,21,ceil(UTF-8 bytes / 4),byte-identical,identical SHA-256,verified,no,non-stdlib or expansive imports: _forward; non-stdlib or expansive imports: _forward,,,,not measured,not measured,not measured,preserved
variants/smoke_family_selected.py,variants/smoke_family_selected.py,py,71,71,0,0.000,3,3,18,18,ceil(UTF-8 bytes / 4),byte-identical,identical SHA-256,verified,no,non-stdlib or expansive imports: _forward; non-stdlib or expansive imports: _forward,,,,not measured,not measured,not measured,preserved
variants/standard_destruction_base.py,variants/standard_destruction_base.py,py,109,109,0,0.000,3,3,28,28,ceil(UTF-8 bytes / 4),byte-identical,identical SHA-256,verified,no,non-stdlib or expansive imports: _forward; non-stdlib or expansive imports: _forward,,,,not measured,not measured,not measured,preserved
variants/standard_destruction_checkpoint.py,variants/standard_destruction_checkpoint.py,py,85,85,0,0.000,3,3,22,22,ceil(UTF-8 bytes / 4),byte-identical,identical SHA-256,verified,no,non-stdlib or expansive imports: _forward; non-stdlib or expansive imports: _forward,,,,not measured,not measured,not measured,preserved
variants/teacher_ceiling_chapter_context.py,variants/teacher_ceiling_chapter_context.py,py,112,112,0,0.000,3,3,28,28,ceil(UTF-8 bytes / 4),byte-identical,identical SHA-256,verified,no,non-stdlib or expansive imports: _forward; non-stdlib or expansive imports: _forward,,,,not measured,not measured,not measured,preserved
variants/teacher_ceiling_full_context.py,variants/teacher_ceiling_full_context.py,py,109,109,0,0.000,3,3,28,28,ceil(UTF-8 bytes / 4),byte-identical,identical SHA-256,verified,no,non-stdlib or expansive imports: _forward; non-stdlib or expansive imports: _forward,,,,not measured,not measured,not measured,preserved
variants/teacher_ceiling_no_context.py,variants/teacher_ceiling_no_context.py,py,109,109,0,0.000,3,3,28,28,ceil(UTF-8 bytes / 4),byte-identical,identical SHA-256,verified,no,non-stdlib or expansive imports: _forward; non-stdlib or expansive imports: _forward,,,,not measured,not measured,not measured,preserved
variants/teacher_ceiling_window_context.py,variants/teacher_ceiling_window_context.py,py,111,111,0,0.000,3,3,28,28,ceil(UTF-8 bytes / 4),byte-identical,identical SHA-256,verified,no,non-stdlib or expansive imports: _forward; non-stdlib or expansive imports: _forward,,,,not measured,not measured,not measured,preserved
variants/train_certify_all.py,variants/train_certify_all.py,py,102,102,0,0.000,3,3,26,26,ceil(UTF-8 bytes / 4),byte-identical,identical SHA-256,verified,no,non-stdlib or expansive imports: _forward; non-stdlib or expansive imports: _forward,,,,not measured,not measured,not measured,preserved
variants/train_certify_list.py,variants/train_certify_list.py,py,103,103,0,0.000,3,3,26,26,ceil(UTF-8 bytes / 4),byte-identical,identical SHA-256,verified,no,non-stdlib or expansive imports: _forward; non-stdlib or expansive imports: _forward,,,,not measured,not measured,not measured,preserved
variants/train_certify_selected.py,variants/train_certify_selected.py,py,81,81,0,0.000,3,3,21,21,ceil(UTF-8 bytes / 4),byte-identical,identical SHA-256,verified,no,non-stdlib or expansive imports: _forward; non-stdlib or expansive imports: _forward,,,,not measured,not measured,not measured,preserved
vendor_standard_eval.py,vendor_standard_eval.py,py,339819,2369,-337450,99.303,121,77,84955,593,ceil(UTF-8 bytes / 4),python-ast-equivalent,equal Python AST after marked bundle removal,verified,no,"non-stdlib or expansive imports: __future__,datasets,selfupdate; non-stdlib or expansive imports: __future__,datasets,selfupdate",,,,not measured,not measured,not measured,optimized
venv_check.sh,venv_check.sh,sh,3782,3774,-8,0.212,103,103,946,944,ceil(UTF-8 bytes / 4),packaging-and-relocation-only,byte-identical after packaging removal and collection-path normalization,verified,no,shell/Slurm execution not audited safe; shell/Slurm execution not audited safe,,,,not measured,not measured,not measured,optimized
venv_setup.sh,venv_setup.sh,sh,4868,4856,-12,0.247,100,100,1217,1214,ceil(UTF-8 bytes / 4),packaging-and-relocation-only,byte-identical after packaging removal and collection-path normalization,verified,no,shell/Slurm execution not audited safe; shell/Slurm execution not audited safe,,,,not measured,not measured,not measured,optimized
verify_vllm_teacher_forced.py,verify_vllm_teacher_forced.py,py,349523,12071,-337452,96.546,312,268,87381,3018,ceil(UTF-8 bytes / 4),python-ast-equivalent,equal Python AST after marked bundle removal,verified,no,"non-stdlib or expansive imports: __future__,selfupdate,torch,transformers; non-stdlib or expansive imports: __future__,selfupdate,torch,transformers",,,,not measured,not measured,not measured,optimized
vllm_2node_smoke.py,vllm_2node_smoke.py,py,9576,9568,-8,0.084,177,177,2394,2392,ceil(UTF-8 bytes / 4),packaging-and-relocation-only,byte-identical after packaging removal and collection-path normalization,verified,no,non-stdlib or expansive imports: __future__; non-stdlib or expansive imports: __future__,,,,not measured,not measured,not measured,optimized
vllm_h100_eager_shared_queue.sh,vllm_h100_eager_shared_queue.sh,sh,2773,2771,-2,0.072,76,76,694,693,ceil(UTF-8 bytes / 4),packaging-and-relocation-only,byte-identical after packaging removal and collection-path normalization,verified,no,shell/Slurm execution not audited safe; shell/Slurm execution not audited safe,,,,not measured,not measured,not measured,optimized
vllm_h100_mixed_budget_campaign.sh,vllm_h100_mixed_budget_campaign.sh,sh,6525,6521,-4,0.061,159,159,1632,1631,ceil(UTF-8 bytes / 4),packaging-and-relocation-only,byte-identical after packaging removal and collection-path normalization,verified,no,shell/Slurm execution not audited safe; shell/Slurm execution not audited safe,,,,not measured,not measured,not measured,optimized
vllm_h100_overnight_queue.sh,vllm_h100_overnight_queue.sh,sh,6049,6043,-6,0.099,126,126,1513,1511,ceil(UTF-8 bytes / 4),packaging-and-relocation-only,byte-identical after packaging removal and collection-path normalization,verified,no,shell/Slurm execution not audited safe; shell/Slurm execution not audited safe,,,,not measured,not measured,not measured,optimized
vllm_h100_qwen06_32k_capacity.sh,vllm_h100_qwen06_32k_capacity.sh,sh,1490,1488,-2,0.134,20,20,373,372,ceil(UTF-8 bytes / 4),packaging-and-relocation-only,byte-identical after packaging removal and collection-path normalization,verified,no,shell/Slurm execution not audited safe; shell/Slurm execution not audited safe,,,,not measured,not measured,not measured,optimized
vllm_h100_qwen35_shared_queue.sh,vllm_h100_qwen35_shared_queue.sh,sh,2186,2184,-2,0.091,39,39,547,546,ceil(UTF-8 bytes / 4),packaging-and-relocation-only,byte-identical after packaging removal and collection-path normalization,verified,no,shell/Slurm execution not audited safe; shell/Slurm execution not audited safe,,,,not measured,not measured,not measured,optimized
vllm_h100_rest_of_day.sh,vllm_h100_rest_of_day.sh,sh,837,833,-4,0.478,14,14,210,209,ceil(UTF-8 bytes / 4),packaging-and-relocation-only,byte-identical after packaging removal and collection-path normalization,verified,no,shell/Slurm execution not audited safe; shell/Slurm execution not audited safe,,,,not measured,not measured,not measured,optimized
vllm_longdraft.py,vllm_longdraft.py,py,4445,4443,-2,0.045,98,98,1112,1111,ceil(UTF-8 bytes / 4),packaging-and-relocation-only,byte-identical after packaging removal and collection-path normalization,verified,no,non-stdlib or expansive imports: __future__; non-stdlib or expansive imports: __future__,,,,not measured,not measured,not measured,optimized
vllm_prefill_verify.py,vllm_prefill_verify.py,py,14355,14347,-8,0.056,267,267,3589,3587,ceil(UTF-8 bytes / 4),packaging-and-relocation-only,byte-identical after packaging removal and collection-path normalization,verified,no,non-stdlib or expansive imports: __future__; non-stdlib or expansive imports: __future__,,,,not measured,not measured,not measured,optimized
vram_guard.sh,vram_guard.sh,sh,1328,1326,-2,0.151,32,32,332,332,ceil(UTF-8 bytes / 4),packaging-and-relocation-only,byte-identical after packaging removal and collection-path normalization,verified,no,shell/Slurm execution not audited safe; shell/Slurm execution not audited safe,,,,not measured,not measured,not measured,optimized
wait_m1_then_g26b_e500.sh,wait_m1_then_g26b_e500.sh,sh,1172,1170,-2,0.171,26,26,293,293,ceil(UTF-8 bytes / 4),packaging-and-relocation-only,byte-identical after packaging removal and collection-path normalization,verified,no,shell/Slurm execution not audited safe; shell/Slurm execution not audited safe,,,,not measured,not measured,not measured,optimized
warm_python_runtime.sh,warm_python_runtime.sh,sh,2631,2631,0,0.000,64,64,658,658,ceil(UTF-8 bytes / 4),byte-identical,identical SHA-256,verified,no,shell/Slurm execution not audited safe; shell/Slurm execution not audited safe,,,,not measured,not measured,not measured,preserved
